Course,Course Title,ACP,CS,HUM,NAT,QR,SBS,GPA,Total Students
AAS 100,Intro Asian American Studies,N/A,US,N/A,N/A,N/A,BS, 3.53 ,3277
AAS 105,Introduction to Arab American Studies,N/A,US,N/A,N/A,N/A,N/A, 3.69 ,24
AAS 120,Intro to Asian Am Pop Culture,N/A,US,N/A,N/A,N/A,N/A, 3.20 ,619
AAS 200,U.S. Race and Empire,N/A,US,HP,N/A,N/A,N/A, 3.71 ,21
AAS 201,US Racial & Ethnic Politics,N/A,US,N/A,N/A,N/A,BS, 3.09 ,867
AAS 211,Asian Americans and the Arts,N/A,US,HP,N/A,N/A,N/A, 3.33 ,52
AAS 215,US Citizenship Comparatively,N/A,US,HP,N/A,N/A,N/A, 3.20 ,141
AAS 246,Asian American Youth in Film,N/A,US,N/A,N/A,N/A,BS, 3.67 ,155
AAS 258,Muslims in America,N/A,US,N/A,N/A,N/A,BS, 3.73 ,145
AAS 265,Politics of Hip Hop,N/A,US,N/A,N/A,N/A,N/A, 3.50 ,198
AAS 275,The Politics of Fashion,N/A,US,N/A,N/A,N/A,N/A, 3.58 ,52
AAS 281,Constructing Race in America,N/A,US,HP,N/A,N/A,N/A, 3.23 ,311
AAS 283,Asian American History,N/A,US,HP,N/A,N/A,N/A, 3.49 ,307
AAS 286,Asian American Literature,N/A,US,HP,N/A,N/A,N/A, 3.36 ,271
AAS 287,Food and Asian Americans,N/A,US,N/A,N/A,N/A,BS, 3.82 ,184
AAS 297,Asian Families in America,N/A,US,N/A,N/A,N/A,BS, 3.89 ,304
AAS 310,Race and Cultural Diversity,ACP,US,N/A,N/A,N/A,N/A, 3.29 ,520
AAS 402,Asian American Education,ACP,US,N/A,N/A,N/A,N/A, 3.62 ,435
ABE 469,Industry-Linked Design Project,ACP,N/A,N/A,N/A,N/A,N/A, 3.60 ,341
ACE 100,Agr Cons and Resource Econ,N/A,N/A,N/A,N/A,N/A,BS, 2.78 ,2786
ACE 210,Environmental Economics,N/A,N/A,N/A,N/A,N/A,BS, 3.21 ,1561
ACE 251,The World Food Economy,N/A,NW,N/A,N/A,N/A,BS, 3.20 ,2441
ACE 254,Economic Systems in Africa,N/A,NW,N/A,N/A,N/A,BS, 2.95 ,353
ACE 255,Economics of Food and Environmental Justice,N/A,US,N/A,N/A,N/A,BS, 3.77 ,56
ACE 261,Applied Statistical Methods,N/A,N/A,N/A,N/A,QR1,N/A, 2.88 ,1069
ACES 102,Intro Sustainable Food Systems,N/A,N/A,N/A,LS,N/A,N/A, 3.86 ,54
ACES 179,History of Ag in IL Since 1860,N/A,US,HP,N/A,N/A,N/A, 2.95 ,331
ADV 476,Global Advertising,N/A,WCC,N/A,N/A,N/A,BS, 3.57 ,112
AE 443,Aerospace Systems Design II,ACP,N/A,N/A,N/A,N/A,N/A, 3.58 ,661
AFAS 120,Intro to US Armed Forces,N/A,N/A,HP,N/A,N/A,N/A, 2.88 ,30
AFRO 100,Intro to African American St,N/A,US,N/A,N/A,N/A,BS, 3.31 ,752
AFRO 101,"Black America, 1619-Present",N/A,US,HP,N/A,N/A,N/A, 3.05 ,403
AFRO 103,Black Women in the Diaspora,N/A,US,N/A,N/A,N/A,N/A, 3.02 ,360
AFRO 105,Black Literature in America,N/A,US,HP,N/A,N/A,N/A, 3.25 ,111
AFRO 106,Hist Arch Americas,N/A,US,HP,N/A,N/A,N/A, 3.41 ,228
AFRO 132,African American Music,N/A,US,HP,N/A,N/A,N/A, 3.42 ,137
AFRO 201,US Racial & Ethnic Politics,N/A,US,N/A,N/A,N/A,BS, 3.09 ,867
AFRO 212,Intro African American Theat,N/A,US,N/A,N/A,N/A,N/A, 3.19 ,21
AFRO 215,US Citizenship Comparatively,N/A,US,HP,N/A,N/A,N/A, 3.20 ,141
AFRO 221,History of the Prison,N/A,WCC,HP,N/A,N/A,N/A, 2.90 ,173
AFRO 224,Humanist Persp of Afro-Am Exp,N/A,US,HP,N/A,N/A,N/A, 3.60 ,26
AFRO 228,Hip Hop Music: History and Culture,N/A,US,HP,N/A,N/A,N/A, 3.55 ,28
AFRO 231,Lang Diff Dis: American Persp,N/A,US,N/A,N/A,N/A,N/A, 3.73 ,143
AFRO 259,Afro-American Literature I,N/A,US,N/A,N/A,N/A,N/A, 3.56 ,254
AFRO 260,Afro-American Literature II,N/A,US,N/A,N/A,N/A,N/A, 3.23 ,52
AFRO 261,Intro to the African Diaspora,N/A,US,HP,N/A,N/A,N/A, 3.51 ,191
AFRO 272,Minority Images in Amer Film,N/A,US,HP,N/A,N/A,N/A, 3.54 ,97
AFRO 275,Afro-American History to 1877,N/A,US,HP,N/A,N/A,N/A, 3.50 ,137
AFRO 276,Afro-American Hist Since 1877,N/A,US,HP,N/A,N/A,N/A, 3.35 ,31
AFRO 281,Constructing Race in America,N/A,US,HP,N/A,N/A,N/A, 3.23 ,311
AFRO 287,African-American Women,N/A,US,HP,N/A,N/A,N/A, 2.99 ,101
AFRO 310,Race and Cultural Diversity,ACP,US,N/A,N/A,N/A,N/A, 3.29 ,520
AFRO 340,Dancing Black Popular Culture,N/A,US,HP,N/A,N/A,N/A, 3.39 ,162
AFRO 372,Class Politics & Blk Community,ACP,N/A,N/A,N/A,N/A,N/A, 3.24 ,97
AFST 103,Black Women in the Diaspora,N/A,US,N/A,N/A,N/A,N/A, 3.02 ,360
AFST 210,Intro to Mod African Lit,N/A,NW,HP,N/A,N/A,N/A, 3.30 ,118
AFST 210,Introduction to Modern African Literature,N/A,NW,HP,N/A,N/A,N/A, 3.30 ,118
AFST 222,Introduction to Modern Africa,N/A,NW,N/A,N/A,N/A,N/A, 3.64 ,337
AFST 254,Economic Systems in Africa,N/A,NW,N/A,N/A,N/A,BS, 2.95 ,353
AFST 266,African Film and Society,N/A,NW,N/A,N/A,N/A,N/A, 3.23 ,126
AGCM 220,Communicating Agriculture,ACP,N/A,N/A,N/A,N/A,N/A, 3.35 ,149
AGCM 320,Public Information Campaigns,ACP,N/A,N/A,N/A,N/A,N/A, 3.39 ,49
AGED 230,Leadership Communications,ACP,N/A,N/A,N/A,N/A,BS, 3.46 ,376
AGED 260,Intro to Leadership Studies,N/A,N/A,N/A,N/A,N/A,BS, 3.50 ,3066
AGED 340,Leadership Ethics & Pluralism,N/A,US,N/A,N/A,N/A,N/A, 3.60 ,174
AGED 360,Advanced Leadership Studies,N/A,N/A,N/A,N/A,N/A,BS, 3.64 ,138
AIS 101,Intro to Amer Indian Studies,N/A,US,HP,N/A,N/A,N/A, 3.44 ,1537
AIS 140,Native Religious Traditions,N/A,US,HP,N/A,N/A,N/A, 3.42 ,77
AIS 165,Lang & Culture Native North Am,N/A,NW,N/A,N/A,N/A,N/A, 3.54 ,87
AIS 265,Intro to American Indian Lit,N/A,US,HP,N/A,N/A,N/A, 3.57 ,48
AIS 275,Am Indian and Indigenous Film,N/A,US,HP,N/A,N/A,N/A, 3.35 ,26
AIS 277,Encounters in Native America,N/A,US,HP,N/A,N/A,N/A, 3.26 ,127
AIS 278,Native American History,N/A,US,HP,N/A,N/A,N/A, 2.91 ,35
AIS 285,Indigenous Thinkers,N/A,NW,HP,N/A,N/A,N/A, 3.51 ,120
AIS 288,American Indians of Illinois,N/A,US,HP,N/A,N/A,N/A, 3.11 ,56
AIS 295,US Citizenship Comparatively,N/A,US,HP,N/A,N/A,N/A, 3.20 ,141
ANSC 110,Life With Animals and Biotech,N/A,N/A,N/A,LS,N/A,N/A, 3.70 ,753
ANSC 205,World Animal Resources,ACP,N/A,N/A,N/A,N/A,N/A, 3.63 ,682
ANSC 207,Companion Animal Biology &Care,N/A,N/A,N/A,LS,N/A,N/A, 3.46 ,3405
ANSC 250,Companion Animals in Society,N/A,WCC,N/A,N/A,N/A,N/A, 3.60 ,6490
ANSC 305,Human Animal Interactions,N/A,N/A,N/A,N/A,N/A,BS, 3.67 ,506
ANTH 101,Introduction to Anthropology,N/A,WCC,N/A,N/A,N/A,BS, 3.12 ,5781
ANTH 102,Human Origins and Culture,N/A,N/A,N/A,N/A,N/A,BS, 2.91 ,817
ANTH 103,Anthro in a Changing World,N/A,NW,N/A,N/A,N/A,BS, 3.22 ,8384
ANTH 104,Talking Culture,N/A,N/A,N/A,N/A,N/A,BS, 3.41 ,265
ANTH 105,World Archaeology,N/A,N/A,HP,N/A,N/A,N/A, 2.86 ,818
ANTH 106,Hist Arch Americas,N/A,US,HP,N/A,N/A,N/A, 3.41 ,228
ANTH 108,Religion & Society in West I,N/A,WCC,HP,N/A,N/A,N/A, 3.84 ,151
ANTH 109,Religion & Society in West II,N/A,WCC,HP,N/A,N/A,N/A, 3.66 ,182
ANTH 130,History of South Asia,N/A,NW,HP,N/A,N/A,N/A, 3.43 ,249
ANTH 143,Biology of Human Behavior,N/A,N/A,N/A,LS,N/A,N/A, 3.48 ,11922
ANTH 157,The Archaeology of Illinois,N/A,N/A,HP,N/A,N/A,N/A, 3.22 ,33
ANTH 160,Contemporary Social Issues,N/A,US,N/A,N/A,N/A,N/A, 3.05 ,156
ANTH 165,Lang & Culture Native North Am,N/A,NW,N/A,N/A,N/A,N/A, 3.54 ,87
ANTH 175,Archaeology and Pop Culture,N/A,N/A,HP,N/A,N/A,N/A, 3.21 ,182
ANTH 180,The Archaeology of Death,N/A,WCC,N/A,N/A,N/A,BS, 3.29 ,2423
ANTH 182,Latin American Cultures,N/A,NW,N/A,N/A,N/A,BS, 3.22 ,76
ANTH 209,"Food, Culture, and Society",N/A,N/A,N/A,N/A,N/A,BS, 3.71 ,2763
ANTH 210,Families in Global Perspective,N/A,NW,N/A,N/A,N/A,BS, 3.23 ,1330
ANTH 222,Introduction to Modern Africa,N/A,NW,N/A,N/A,N/A,N/A, 3.64 ,337
ANTH 225,Women in Prehistory,N/A,N/A,N/A,N/A,N/A,BS, 3.35 ,28
ANTH 241,Human Biological Variation,N/A,N/A,N/A,LS,N/A,N/A, 3.32 ,22
ANTH 246,Forensic Science,N/A,N/A,N/A,LS,N/A,N/A, 3.54 ,3876
ANTH 249,Evolution and Human Disease,N/A,N/A,N/A,LS,N/A,N/A, 3.42 ,176
ANTH 250,The World Through Museums,N/A,WCC,N/A,N/A,N/A,BS, 3.50 ,407
ANTH 261,Intro to the African Diaspora,N/A,US,HP,N/A,N/A,N/A, 3.51 ,191
ANTH 262,Women's Lives,N/A,N/A,N/A,N/A,N/A,BS, 2.95 ,29
ANTH 266,African Film and Society,N/A,NW,N/A,N/A,N/A,N/A, 3.23 ,126
ANTH 268,Images of the Other,ACP,WCC,HP,N/A,N/A,N/A, 3.11 ,72
ANTH 271,Language in Culture-ACP,ACP,N/A,N/A,N/A,N/A,N/A, 2.95 ,36
ANTH 277,"Ancient Cities, Sacred Land",N/A,WCC,N/A,N/A,N/A,BS, 3.29 ,120
ANTH 285,Intro to Korea Through Film,N/A,NW,N/A,N/A,N/A,N/A, 3.38 ,73
ANTH 288,American Indians of Illinois,N/A,US,HP,N/A,N/A,N/A, 3.11 ,56
ANTH 362,"Body, Personhood, and Culture",N/A,N/A,N/A,N/A,N/A,BS, 3.46 ,54
ANTH 376,Aztec Civilization,N/A,NW,N/A,N/A,N/A,N/A, 3.00 ,65
ANTH 393,The World of Jewish Sepharad,N/A,WCC,HP,N/A,N/A,N/A, 3.04 ,22
ANTH 414,Writing Ethnography,ACP,N/A,N/A,N/A,N/A,N/A, 3.32 ,21
ARAB 150,Lang&Culture of Arab World,N/A,NW,N/A,N/A,N/A,N/A, 3.43 ,689
ARCH 222,Islamic Gardens & Architecture,N/A,NW,HP,N/A,N/A,N/A, 2.92 ,246
ARCH 314,History of World Landscapes,ACP,WCC,HP,N/A,N/A,N/A, 3.12 ,635
ART 100,Understanding Visual Culture,N/A,N/A,HP,N/A,N/A,N/A, 3.37 ,1260
ART 102,Drawing for Non-Majors,N/A,N/A,HP,N/A,N/A,N/A, 3.70 ,166
ART 103,Painting for Non-Majors,N/A,N/A,HP,N/A,N/A,N/A, 3.87 ,97
ART 104,Sculpture for Non-Majors,N/A,N/A,HP,N/A,N/A,N/A, 3.94 ,21
ART 105,Visual Design for Non-Majors,N/A,N/A,HP,N/A,N/A,N/A, 3.78 ,607
ART 140,Introduction to Art,N/A,N/A,HP,N/A,N/A,N/A, 3.46 ,88
ART 205,Experience & Meaning in Design,N/A,WCC,N/A,N/A,N/A,BSC, 3.44 ,132
ART 310,Design Thinking,N/A,N/A,HP,N/A,N/A,N/A, 3.67 ,352
ART 350,Writing with Video,N/A,WCC,HP,N/A,N/A,N/A, 3.25 ,42
ARTD 209,Chado (The Way of Tea),N/A,NW,N/A,N/A,N/A,N/A, 3.13 ,281
ARTH 110,Introduction to the History of Art and Visual Culture,N/A,WCC,HP,N/A,N/A,N/A, 3.41 ,42
ARTH 111,Ancient to Medieval Art,N/A,N/A,HP,N/A,N/A,N/A, 3.27 ,223
ARTH 112,Renaissance to Modern Art,N/A,N/A,HP,N/A,N/A,N/A, 3.23 ,201
ARTH 113,Introduction to African Art,N/A,NW,N/A,N/A,N/A,N/A, 3.30 ,157
ARTH 114,Introduction to East Asian Art,N/A,NW,N/A,N/A,N/A,N/A, 2.79 ,128
ARTH 115,Art in a Global Context,N/A,NW,HP,N/A,N/A,N/A, 3.20 ,237
ARTH 211,Design History Survey,N/A,N/A,HP,N/A,N/A,N/A, 3.05 ,314
ARTH 217,Development of Ancient Cities,N/A,WCC,HP,N/A,N/A,N/A, 3.50 ,163
ARTH 241,"Modern Art, 1880-1940",N/A,N/A,HP,N/A,N/A,N/A, 3.41 ,117
ARTH 242,Art Since 1940,N/A,N/A,HP,N/A,N/A,N/A, 3.41 ,95
ARTH 260,Graffiti and Murals,N/A,WCC,HP,N/A,N/A,N/A, 3.02 ,191
ASST 104,Asian Mythology,N/A,NW,HP,N/A,N/A,N/A, 3.11 ,153
ASST 218,S Asian Cultural Landscapes,N/A,NW,HP,N/A,N/A,N/A, 3.20 ,225
ASTR 100,Introduction to Astronomy,N/A,N/A,N/A,LS,N/A,N/A, 3.07 ,8662
ASTR 121,Solar System and Worlds Beyond,N/A,N/A,N/A,LS,QR1,N/A, 3.16 ,556
ASTR 122,Stars and Galaxies,N/A,N/A,N/A,LS,QR1,N/A, 3.16 ,2901
ASTR 150,Killer Skies: Astro-Disasters,N/A,N/A,N/A,LS,N/A,N/A, 3.40 ,1828
ASTR 210,Introduction to Astrophysics,N/A,N/A,N/A,LS,N/A,N/A, 2.99 ,849
ASTR 490,Senior Thesis,ACP,N/A,N/A,N/A,N/A,N/A, 3.85 ,43
ATMS 100,Introduction to Meteorology,N/A,N/A,N/A,LS,N/A,N/A, 3.33 ,8138
ATMS 120,Severe and Hazardous Weather,N/A,N/A,N/A,LS,QR1,N/A, 3.72 ,15002
ATMS 140,Climate and Global Change,N/A,N/A,N/A,LS,N/A,N/A, 3.27 ,1404
ATMS 315,Meteorological Instrumentation,ACP,N/A,N/A,N/A,N/A,N/A, 3.96 ,28
ATMS 322,Soc Impacts Weather & Climate,N/A,N/A,N/A,N/A,N/A,BS, 3.22 ,205
BCS 115,South Slavic Cultures,N/A,NW,N/A,N/A,N/A,BS, 3.63 ,237
BIOC 460,Biochemistry Senior Seminar,ACP,N/A,N/A,N/A,N/A,N/A, 3.42 ,123
BTW 250,Principles Bus Comm,ACP,N/A,N/A,N/A,N/A,N/A, 3.55 ,10305
BTW 261,Principles Tech Comm,ACP,N/A,N/A,N/A,N/A,N/A, 3.61 ,1203
BTW 263,Writing in the Disciplines,ACP,N/A,N/A,N/A,N/A,N/A, 3.31 ,24
CHBE 101,Hidden World of Engineering,N/A,N/A,N/A,LS,N/A,N/A, 3.23 ,350
CHBE 430,Unit Operations Laboratory,ACP,N/A,N/A,N/A,N/A,N/A, 3.15 ,1249
CHBE 431,Process Design,ACP,N/A,N/A,N/A,N/A,N/A, 3.05 ,1293
CHEM 101,Introductory Chemistry,N/A,N/A,N/A,LS,N/A,N/A, 2.65 ,8038
CHEM 102,General Chemistry I,N/A,N/A,N/A,LS,N/A,N/A, 2.43 ,30211
CHEM 103,General Chemistry Lab I,N/A,N/A,N/A,LS,N/A,N/A, 3.52 ,29976
CHEM 104,General Chemistry II,N/A,N/A,N/A,LS,N/A,N/A, 2.58 ,17330
CHEM 105,General Chemistry Lab II,N/A,N/A,N/A,LS,N/A,N/A, 3.54 ,17102
CHEM 108,"Chemistry, Everyday Phenomena",N/A,N/A,N/A,LS,N/A,N/A, 3.69 ,222
CHEM 202,Accelerated Chemistry I,N/A,N/A,N/A,LS,N/A,N/A, 2.64 ,2585
CHEM 204,Accelerated Chemistry II,N/A,N/A,N/A,LS,N/A,N/A, 2.66 ,1769
CHEM 317,Inorganic Chemistry Lab,ACP,N/A,N/A,N/A,N/A,N/A, 3.27 ,337
CHEM 437,Organic Chemistry Lab,ACP,N/A,N/A,N/A,N/A,N/A, 3.27 ,189
CHLH 100,Contemporary Health,N/A,N/A,N/A,N/A,N/A,BS, 3.44 ,6904
CHLH 101,Introduction to Public Health,N/A,N/A,N/A,N/A,N/A,BS, 3.35 ,8701
CHLH 244,Health Statistics,N/A,N/A,N/A,N/A,QR1,N/A, 2.91 ,729
CHLH 260,Introduction to Medical Ethics,N/A,N/A,HP,N/A,N/A,N/A, 3.60 ,3043
CHLH 274,Introduction to Epidemiology,N/A,N/A,N/A,N/A,QR1,N/A, 3.16 ,4521
CHLH 304,Foundations of Health Behavior,ACP,N/A,N/A,N/A,N/A,BSC, 3.60 ,2708
CHLH 330,Disability in American Society,N/A,N/A,N/A,N/A,N/A,BS, 3.55 ,1798
CHLH 421,Health Data Analysis,N/A,N/A,N/A,N/A,QR1,N/A, 3.60 ,2162
CI 210,Introduction to Digital Learning Environments,N/A,N/A,N/A,N/A,N/A,BSC, 3.86 ,53
CLCV 114,Introduction to Greek Culture,N/A,WCC,HP,N/A,N/A,N/A, 3.19 ,2087
CLCV 115,Mythology of Greece and Rome,N/A,WCC,HP,N/A,N/A,N/A, 3.43 ,2148
CLCV 116,The Roman Achievement,N/A,WCC,HP,N/A,N/A,N/A, 3.32 ,1731
CLCV 120,The Classical Tradition,N/A,WCC,HP,N/A,N/A,N/A, 3.61 ,343
CLCV 131,"Classical Archaeology, Greece",N/A,WCC,HP,N/A,N/A,N/A, 3.36 ,239
CLCV 132,"Class Archaeology, Rome-Italy",N/A,WCC,HP,N/A,N/A,N/A, 3.06 ,320
CLCV 160,Ancient Greek & Roman Religion,N/A,WCC,HP,N/A,N/A,N/A, 3.27 ,235
CLCV 203,Ancient Philosophy,N/A,N/A,HP,N/A,N/A,N/A, 3.02 ,1272
CLCV 220,Origins of Western Literature,N/A,WCC,HP,N/A,N/A,N/A, 3.39 ,124
CLCV 221,The Heroic Tradition,N/A,WCC,HP,N/A,N/A,N/A, 2.99 ,56
CLCV 222,Introduction to Greek and Roman Theater,ACP,WCC,HP,N/A,N/A,N/A, 3.67 ,57
CLCV 222,The Tragic Spirit,N/A,WCC,HP,N/A,N/A,N/A, 3.67 ,57
CLCV 224,American Race and Ethnicity in the Classical Tradition,N/A,US,HP,N/A,N/A,N/A, 3.94 ,29
CLCV 225,"Greco-Roman Demo, Econ, Cult",N/A,WCC,HP,N/A,N/A,N/A, 3.69 ,135
CLCV 231,Development of Ancient Cities,N/A,WCC,HP,N/A,N/A,N/A, 3.50 ,163
CLCV 240,Sex & Gender in Antiquity,N/A,WCC,HP,N/A,N/A,N/A, 3.35 ,350
CLCV 323,The Comic Imagination,ACP,WCC,HP,N/A,N/A,N/A, 3.33 ,47
CMN 102,Intro to Comm Theory & Res,N/A,N/A,N/A,N/A,N/A,BSC, 3.07 ,6064
CMN 210,Public Comm in Everyday Life,N/A,WCC,HP,N/A,N/A,N/A, 3.03 ,151
CMN 220,Communicating Public Policy,ACP,N/A,N/A,N/A,N/A,N/A, 3.31 ,747
CMN 230,Intro to Interpersonal Comm,N/A,N/A,N/A,N/A,N/A,BS, 3.17 ,3923
CMN 231,Communication and Conflict,N/A,N/A,N/A,N/A,N/A,BSC, 3.48 ,32
CMN 232,Intro to Intercultural Comm,N/A,NW,N/A,N/A,N/A,BS, 3.45 ,920
CMN 250,Social Movement Communication,N/A,US,N/A,N/A,N/A,N/A, 2.99 ,62
CMN 260,Intro to Health Communication,N/A,WCC,N/A,N/A,N/A,BSC, 3.18 ,1903
CMN 275,"Media, Money and Power",N/A,WCC,HP,N/A,N/A,N/A, 3.00 ,1593
CMN 277,Intro to Mediated Comm,N/A,N/A,N/A,N/A,N/A,BS, 2.78 ,1686
CMN 277,Introduction to Mediated Communication,N/A,US,N/A,N/A,N/A,BS, 2.78 ,1686
CMN 280,Comm Technology & Society,N/A,N/A,N/A,N/A,N/A,BS, 3.28 ,513
CPSC 112,Introduction to Crop Sciences,N/A,N/A,N/A,LS,N/A,N/A, 3.09 ,1492
CPSC 113,"Environment, Agric, & Society",N/A,WCC,N/A,LS,N/A,N/A, 3.40 ,699
CPSC 116,The Global Food Production Web,N/A,NW,N/A,N/A,N/A,N/A, 3.82 ,1690
CPSC 131,Agriculture in Mythology,N/A,NW,N/A,N/A,N/A,N/A, 3.59 ,2226
CPSC 241,Intro to Applied Statistics,N/A,N/A,N/A,N/A,QR1,N/A, 2.72 ,273
CPSC 261,Biotechnology in Agriculture,N/A,N/A,N/A,LS,N/A,N/A, 3.28 ,276
CPSC 270,Applied Entomology,N/A,N/A,N/A,LS,N/A,N/A, 3.10 ,379
CS 101,Intro Computing: Engrg & Sci,N/A,N/A,N/A,N/A,QR1,N/A, 3.25 ,11383
CS 102,Little Bits to Big Ideas,N/A,N/A,N/A,N/A,QR1,N/A, 3.18 ,966
CS 105,Intro Computing: Non-Tech,N/A,N/A,N/A,N/A,QR1,N/A, 3.28 ,12342
CS 125,Intro to Computer Science,N/A,N/A,N/A,N/A,QR1,N/A, 3.31 ,8342
CS 225,Data Structures,N/A,N/A,N/A,N/A,QR1,N/A, 3.04 ,9733
CS 429,"Software Engineering II, ACP",ACP,N/A,N/A,N/A,N/A,N/A, 3.42 ,646
CS 493,"Senior Project II, ACP",ACP,N/A,N/A,N/A,N/A,N/A, 3.63 ,373
CS 499,Senior Thesis,ACP,N/A,N/A,N/A,N/A,N/A, 3.85 ,43
CW 100,Intro to Creative Writing,N/A,N/A,HP,N/A,N/A,N/A, 3.56 ,281
CW 243,Inter Expository Writing,ACP,N/A,N/A,N/A,N/A,N/A, 3.25 ,132
CWL 111,Bible as Literature,N/A,N/A,HP,N/A,N/A,N/A, 3.34 ,52
CWL 114,Global Consciousness and Lit,N/A,NW,HP,N/A,N/A,N/A, 3.32 ,655
CWL 117,Russ & E Euro Science Fiction,N/A,N/A,HP,N/A,N/A,N/A, 3.66 ,138
CWL 151,Cross-Cultural Thematics,N/A,N/A,HP,N/A,N/A,N/A, 3.71 ,62
CWL 189,Lit of Asia & Africa I,N/A,NW,HP,N/A,N/A,N/A, 3.60 ,94
CWL 190,Lit of Asia & Africa II,N/A,NW,HP,N/A,N/A,N/A, 3.14 ,24
CWL 207,Indian Cinema in Context,N/A,NW,HP,N/A,N/A,N/A, 3.87 ,1273
CWL 208,Cultures & Literatures of South Asia,N/A,NW,HP,N/A,N/A,N/A, 3.85 ,30
CWL 210,Intro to Mod African Lit,N/A,NW,HP,N/A,N/A,N/A, 3.30 ,118
CWL 215,"Madness, Myth, and Murder",N/A,N/A,HP,N/A,N/A,N/A, 3.05 ,130
CWL 216,Legends of King Arthur,N/A,WCC,HP,N/A,N/A,N/A, 3.45 ,59
CWL 220,Origins of Western Literature,N/A,WCC,HP,N/A,N/A,N/A, 3.40 ,124
CWL 221,Jewish Storytelling,N/A,WCC,HP,N/A,N/A,N/A, 3.50 ,132
CWL 223,The Qur'an (Koran),N/A,NW,HP,N/A,N/A,N/A, 3.18 ,28
CWL 227,Golden Age of Russian Lit,N/A,N/A,HP,N/A,N/A,N/A, 2.77 ,73
CWL 240,Italy Middle Ages & Renaiss,N/A,N/A,HP,N/A,N/A,N/A, 3.47 ,109
CWL 241,Early Masterpieces of Western Culture,ACP,WCC,HP,N/A,N/A,N/A, 3.42 ,22
CWL 242,Modern Masterpieces of Western Culture,ACP,WCC,HP,N/A,N/A,N/A, 3.40 ,52
CWL 242,Modern Masterpieces of Western Culture,N/A,WCC,HP,N/A,N/A,N/A, 3.40 ,52
CWL 249,Russian Lit and Revolution,N/A,N/A,HP,N/A,N/A,N/A, 2.95 ,44
CWL 250,Grimms' Fairy Tales - ACP,ACP,WCC,HP,N/A,N/A,N/A, 3.72 ,120
CWL 251,Viking Mythology,N/A,WCC,HP,N/A,N/A,N/A, 3.23 ,967
CWL 252,Viking Sagas in Translation,N/A,WCC,HP,N/A,N/A,N/A, 3.24 ,223
CWL 253,Medieval Lit and Culture,N/A,WCC,HP,N/A,N/A,N/A, 3.29 ,497
CWL 254,Grimm's Fairy Tales in Context,N/A,WCC,HP,N/A,N/A,N/A, 3.53 ,550
CWL 255,Renaissance Lit and Culture,N/A,WCC,HP,N/A,N/A,N/A, 3.38 ,322
CWL 257,Enlightenment Lit and Culture,N/A,WCC,HP,N/A,N/A,N/A, 3.37 ,265
CWL 259,Afro-American Literature I,N/A,US,N/A,N/A,N/A,N/A, 3.56 ,254
CWL 260,Afro-American Literature II,N/A,US,N/A,N/A,N/A,N/A, 3.23 ,52
CWL 262,Sex & Gender in Antiquity,N/A,WCC,HP,N/A,N/A,N/A, 3.35 ,350
CWL 263,The Heroic Tradition,N/A,WCC,HP,N/A,N/A,N/A, 2.99 ,56
CWL 264,The Tragic Spirit,N/A,WCC,HP,N/A,N/A,N/A, 3.67 ,57
CWL 267,The Short Story,N/A,N/A,HP,N/A,N/A,N/A, 3.44 ,590
CWL 269,"Brit, Amer & Contin Fiction",N/A,N/A,HP,N/A,N/A,N/A, 3.50 ,45
CWL 271,The Holocaust in Context - ACP,ACP,WCC,HP,N/A,N/A,N/A, 3.44 ,122
CWL 272,Sexuality and Literature,N/A,N/A,HP,N/A,N/A,N/A, 3.56 ,149
CWL 273,The Holocaust in Context,N/A,WCC,HP,N/A,N/A,N/A, 3.63 ,47
CWL 275,Masterpieces of East Asian Lit,N/A,NW,HP,N/A,N/A,N/A, 3.37 ,1053
CWL 276,Asian Film Genres,N/A,NW,HP,N/A,N/A,N/A, 3.50 ,30
CWL 282,Arctic Narratives,N/A,WCC,HP,N/A,N/A,N/A, 3.35 ,24
CWL 307,Classical Chinese Lit,N/A,NW,HP,N/A,N/A,N/A, 3.14 ,29
CWL 308,Chinese Popular Lit,N/A,NW,HP,N/A,N/A,N/A, 3.56 ,133
CWL 311,Japan Lit in Translation I,N/A,NW,HP,N/A,N/A,N/A, 3.31 ,155
CWL 312,Japan Lit in Translation II,N/A,NW,HP,N/A,N/A,N/A, 3.18 ,78
CWL 320,Lit Responses to the Holocaust,N/A,WCC,HP,N/A,N/A,N/A, 3.40 ,165
CWL 322,The Comic Imagination,ACP,WCC,HP,N/A,N/A,N/A, 3.33 ,47
DANC 100,Intro to Contemporary Dance,N/A,WCC,HP,N/A,N/A,N/A, 3.72 ,3181
DANC 125,Black Dances of Resistance,N/A,US,N/A,N/A,N/A,N/A, 2.68 ,25
DANC 200,Explore Music through Dance,N/A,N/A,HP,N/A,N/A,N/A, 3.44 ,137
DANC 340,Dancing Black Popular Culture,N/A,US,HP,N/A,N/A,N/A, 3.39 ,162
EALC 114,Introduction to East Asian Art,N/A,NW,N/A,N/A,N/A,N/A, 2.79 ,128
EALC 120,East Asian Civilizations,N/A,NW,HP,N/A,N/A,N/A, 3.23 ,1509
EALC 122,History East Asian Religions,N/A,NW,HP,N/A,N/A,N/A, 3.66 ,96
EALC 130,The Chinese Language,N/A,NW,N/A,N/A,N/A,BS, 3.50 ,425
EALC 132,Zen,N/A,NW,HP,N/A,N/A,N/A, 3.69 ,55
EALC 220,Traditional China,N/A,NW,HP,N/A,N/A,N/A, 2.84 ,307
EALC 221,Modern China,N/A,NW,N/A,N/A,N/A,N/A, 3.47 ,395
EALC 222,Chinese Thght Confucius to Mao,N/A,NW,HP,N/A,N/A,N/A, 2.87 ,73
EALC 222,Chinese Thought and Culture,N/A,NW,HP,N/A,N/A,N/A, 2.87 ,73
EALC 226,Premodern Japanese History,N/A,NW,HP,N/A,N/A,N/A, 3.25 ,50
EALC 227,Modern Japanese History,N/A,NW,HP,N/A,N/A,N/A, 2.98 ,152
EALC 250,Intro to Japanese Culture,N/A,NW,N/A,N/A,N/A,BS, 3.05 ,1400
EALC 275,Masterpieces of East Asian Lit,N/A,NW,HP,N/A,N/A,N/A, 3.37 ,1053
EALC 276,Asian Film Genres,N/A,NW,HP,N/A,N/A,N/A, 3.50 ,30
EALC 285,Intro to Korea Through Film,N/A,NW,N/A,N/A,N/A,N/A, 3.38 ,73
EALC 287,Introduction to Buddhism,N/A,NW,HP,N/A,N/A,N/A, 3.00 ,66
EALC 305,Japan Lit in Translation I,N/A,NW,HP,N/A,N/A,N/A, 3.31 ,155
EALC 306,Japan Lit in Translation II,N/A,NW,HP,N/A,N/A,N/A, 3.18 ,78
EALC 307,Classical Chinese Lit,N/A,NW,HP,N/A,N/A,N/A, 3.14 ,29
EALC 308,Chinese Popular Lit,N/A,NW,HP,N/A,N/A,N/A, 3.56 ,133
EALC 361,Women in East Asia,N/A,NW,N/A,N/A,N/A,BS, 3.18 ,28
EALC 365,Contemporary Korean Society,N/A,NW,N/A,N/A,N/A,BS, 3.59 ,105
EALC 367,History of Korea,N/A,NW,HP,N/A,N/A,N/A, 3.91 ,38
ECE 101,Exploring Digital Info Technol,N/A,N/A,N/A,LS,QR1,N/A, 3.09 ,135
ECE 316,Ethics and Engineering,ACP,N/A,HP,N/A,N/A,N/A, 3.64 ,945
ECE 445,Senior Design Project Lab,ACP,N/A,N/A,N/A,N/A,N/A, 3.08 ,2474
ECE 499,Senior Thesis,ACP,N/A,N/A,N/A,N/A,N/A, 3.85 ,43
ECON 102,Microeconomic Principles,N/A,N/A,N/A,N/A,N/A,BS, 3.35 ,28665
ECON 103,Macroeconomic Principles,N/A,N/A,N/A,N/A,N/A,BS, 2.90 ,18376
ECON 202,Economic Statistics I,N/A,N/A,N/A,N/A,QR1,N/A, 2.91 ,9767
ECON 210,Environmental Economics,N/A,N/A,N/A,N/A,N/A,BS, 3.21 ,1561
ECON 451,Program Evaluation in Developing Economies,ACP,N/A,N/A,N/A,N/A,N/A, 3.35 ,32
EDUC 201,Identity and Difference in Education,N/A,US,N/A,N/A,N/A,N/A, 3.77 ,694
EDUC 202,"Social Justice, School & Society",ACP,N/A,HP,N/A,N/A,N/A, 3.74 ,701
ENGL 101,Intro to Poetry,N/A,N/A,HP,N/A,N/A,N/A, 3.35 ,785
ENGL 102,Intro to Drama,N/A,N/A,HP,N/A,N/A,N/A, 3.31 ,278
ENGL 103,Intro to Fiction,N/A,N/A,HP,N/A,N/A,N/A, 3.28 ,990
ENGL 104,Intro to Film,N/A,N/A,HP,N/A,N/A,N/A, 3.15 ,3393
ENGL 104,Introduction to Film,N/A,N/A,HP,N/A,N/A,N/A, 3.15 ,3393
ENGL 109,Intro to Fiction-ACP,ACP,N/A,HP,N/A,N/A,N/A, 3.41 ,2031
ENGL 114,Bible as Literature,N/A,N/A,HP,N/A,N/A,N/A, 3.34 ,52
ENGL 115,Intro to British Literature,N/A,WCC,HP,N/A,N/A,N/A, 3.48 ,384
ENGL 116,Introduction to American Literature,N/A,WCC,HP,N/A,N/A,N/A, 3.51 ,997
ENGL 117,Shakespeare on Film,N/A,N/A,HP,N/A,N/A,N/A, 3.74 ,29
ENGL 122,"Swords, Sorcery & Sex: The Middle Ages in Popular Culture",N/A,N/A,HP,N/A,N/A,N/A, 3.44 ,46
ENGL 150,Black Literature in America,N/A,US,HP,N/A,N/A,N/A, 3.25 ,111
ENGL 200,Intro to the Study of Lit,N/A,N/A,HP,N/A,N/A,N/A, 3.42 ,1845
ENGL 200,Introduction to the Study of Literature and Culture,N/A,N/A,HP,N/A,N/A,N/A, 3.42 ,1845
ENGL 202,Medieval Lit and Culture,N/A,WCC,HP,N/A,N/A,N/A, 3.29 ,497
ENGL 202,Medieval Literature and Culture,N/A,WCC,HP,N/A,N/A,N/A, 3.29 ,497
ENGL 204,Renaissance Lit and Culture,N/A,WCC,HP,N/A,N/A,N/A, 3.38 ,322
ENGL 204,Renaissance Literature and Culture,N/A,WCC,HP,N/A,N/A,N/A, 3.38 ,322
ENGL 206,Enlightenment Lit and Culture,N/A,WCC,HP,N/A,N/A,N/A, 3.37 ,265
ENGL 206,Enlightenment Literature and Culture,N/A,WCC,HP,N/A,N/A,N/A, 3.37 ,265
ENGL 207,Romantic Lit and Culture,N/A,WCC,HP,N/A,N/A,N/A, 3.31 ,236
ENGL 207,Romantic Literature and Culture,N/A,WCC,HP,N/A,N/A,N/A, 3.31 ,236
ENGL 208,Victorian Lit and Culture,N/A,WCC,HP,N/A,N/A,N/A, 3.32 ,177
ENGL 208,Victorian Literature and Culture,N/A,WCC,HP,N/A,N/A,N/A, 3.32 ,177
ENGL 210,British Lit 1800 to Present,N/A,WCC,HP,N/A,N/A,N/A, 3.42 ,44
ENGL 210,British Literature from 1800 to the Present,N/A,WCC,HP,N/A,N/A,N/A, 3.42 ,44
ENGL 211,Intro to Mod African Lit,N/A,NW,HP,N/A,N/A,N/A, 3.30 ,118
ENGL 213,Modernist Lit and Culture,N/A,WCC,HP,N/A,N/A,N/A, 3.23 ,75
ENGL 213,Modernist Literature and Culture,N/A,WCC,HP,N/A,N/A,N/A, 3.23 ,75
ENGL 216,Legends of King Arthur,N/A,WCC,HP,N/A,N/A,N/A, 3.45 ,59
ENGL 218,Introduction to Shakespeare,N/A,N/A,HP,N/A,N/A,N/A, 3.51 ,782
ENGL 223,Jewish Storytelling,N/A,WCC,HP,N/A,N/A,N/A, 3.50 ,132
ENGL 224,Latina/o Popular Culture,N/A,US,N/A,N/A,N/A,N/A, 3.47 ,142
ENGL 225,Intro to Latina/o Literature,N/A,US,HP,N/A,N/A,N/A, 3.18 ,400
ENGL 241,Beginnings of Modern Poetry,N/A,WCC,N/A,N/A,N/A,N/A, 3.07 ,112
ENGL 241,Modern Poetry,N/A,WCC,N/A,N/A,N/A,N/A, 3.07 ,112
ENGL 245,The Short Story,N/A,N/A,HP,N/A,N/A,N/A, 3.44 ,590
ENGL 247,The British Novel,N/A,WCC,HP,N/A,N/A,N/A, 3.34 ,340
ENGL 248,"Brit, Amer & Contin Fiction",N/A,N/A,HP,N/A,N/A,N/A, 3.50 ,45
ENGL 248,"British, American, and Continental Fiction",N/A,N/A,HP,N/A,N/A,N/A, 3.50 ,45
ENGL 250,Nineteenth-Century American Fiction,N/A,WCC,HP,N/A,N/A,N/A, 3.49 ,21
ENGL 251,The American Novel Since 1914,N/A,WCC,HP,N/A,N/A,N/A, 3.30 ,368
ENGL 251,The Twentieth-Century American Novel,N/A,WCC,HP,N/A,N/A,N/A, 3.30 ,368
ENGL 253,Topics in Lit and New Media,N/A,N/A,HP,N/A,N/A,N/A, 3.36 ,94
ENGL 253,Topics in Literature and New Media,N/A,N/A,HP,N/A,N/A,N/A, 3.36 ,94
ENGL 256,Survey of American Lit II,N/A,WCC,HP,N/A,N/A,N/A, 3.68 ,212
ENGL 259,Afro-American Literature I,N/A,US,N/A,N/A,N/A,N/A, 3.78 ,254
ENGL 259,Early African American Literature and Culture,N/A,US,N/A,N/A,N/A,N/A, 3.78 ,29
ENGL 260,Afro-American Literature II,N/A,US,N/A,N/A,N/A,N/A, 3.23 ,52
ENGL 260,Modern African American Literature and Culture,N/A,US,N/A,N/A,N/A,N/A, 3.23 ,52
ENGL 265,Intro to American Indian Lit,N/A,US,HP,N/A,N/A,N/A, 3.57 ,48
ENGL 266,Grimm's Fairy Tales in Context,N/A,WCC,HP,N/A,N/A,N/A, 3.53 ,550
ENGL 267,Grimms' Fairy Tales - ACP,ACP,WCC,HP,N/A,N/A,N/A, 3.72 ,120
ENGL 268,The Holocaust in Context - ACP,ACP,WCC,HP,N/A,N/A,N/A, 3.44 ,122
ENGL 269,The Holocaust in Context,N/A,WCC,HP,N/A,N/A,N/A, 3.63 ,47
ENGL 270,American Film Genres,N/A,N/A,HP,N/A,N/A,N/A, 3.43 ,25
ENGL 272,Minority Images in Amer Film,N/A,US,HP,N/A,N/A,N/A, 3.54 ,97
ENGL 274,Literature and Society,N/A,N/A,HP,N/A,N/A,N/A, 2.76 ,22
ENGL 275,Am Indian and Indigenous Film,N/A,US,HP,N/A,N/A,N/A, 3.35 ,26
ENGL 276,Asian Film Genres,N/A,NW,HP,N/A,N/A,N/A, 3.50 ,30
ENGL 285,Postcolonial Lit in English,N/A,NW,HP,N/A,N/A,N/A, 3.48 ,136
ENGL 285,Postcolonial Literature in English,N/A,NW,HP,N/A,N/A,N/A, 3.48 ,136
ENGL 286,Asian American Literature,N/A,US,HP,N/A,N/A,N/A, 3.36 ,271
ENGL 300,Writing About Lit Text&Culture,ACP,N/A,N/A,N/A,N/A,N/A, 3.53 ,24
ENGL 330,Slavery and Identity,N/A,US,HP,N/A,N/A,N/A, 3.19 ,102
ENGL 359,Lit Responses to the Holocaust,N/A,WCC,HP,N/A,N/A,N/A, 3.40 ,165
ENGL 360,Environmental Writing,ACP,N/A,N/A,N/A,N/A,N/A, 3.33 ,160
ENSU 301,Soc Impacts Weather & Climate,N/A,N/A,N/A,N/A,N/A,BS, 3.22 ,205
ENVS 101,Introduction to Energy Sources,N/A,N/A,N/A,LS,QR1,N/A, 3.01 ,653
ENVS 210,Environmental Economics,N/A,N/A,N/A,N/A,N/A,BS, 3.21 ,1561
ENVS 220,Communicating Agriculture,ACP,N/A,N/A,N/A,N/A,N/A, 3.35 ,149
EPS 202,Foundations of Education-ACP,ACP,N/A,N/A,N/A,N/A,N/A, 3.76 ,793
EPS 310,Race and Cultural Diversity,ACP,US,N/A,N/A,N/A,N/A, 3.29 ,520
EPS 402,Asian American Education,ACP,US,N/A,N/A,N/A,N/A, 3.62 ,435
EPSY 201,Educational Psychology,N/A,N/A,N/A,N/A,N/A,BSC, 3.81 ,3588
EPSY 202,Exploring Cultural Diversity,N/A,US,N/A,N/A,N/A,N/A, 3.46 ,1258
EPSY 220,Career Theory and Practice,N/A,N/A,N/A,N/A,N/A,BSC, 3.58 ,1874
ESE 100,Sustainable Earth,N/A,N/A,N/A,LS,N/A,N/A, 3.56 ,25
ESE 103,Earth's Physical Systems,N/A,N/A,N/A,LS,N/A,N/A, 3.20 ,789
ESE 104,Geology of the National Parks,N/A,N/A,N/A,LS,N/A,N/A, 3.43 ,232
ESE 106,Geographies of Globalization,N/A,NW,N/A,N/A,N/A,BS, 3.37 ,1525
ESE 111,Emergence of Life,N/A,N/A,N/A,LS,N/A,N/A, 3.01 ,1035
ESE 117,The Oceans,N/A,N/A,N/A,LS,N/A,N/A, 3.05 ,1637
ESE 118,Natural Disasters,N/A,N/A,N/A,LS,N/A,N/A, 3.05 ,6411
ESE 120,Severe and Hazardous Weather,N/A,N/A,N/A,LS,QR1,N/A, 3.72 ,15002
ESE 140,Climate and Global Change,N/A,N/A,N/A,LS,N/A,N/A, 3.27 ,1404
ESE 143,History of Life,N/A,N/A,N/A,LS,N/A,N/A, 3.13 ,399
ESE 202,American Environmental History,N/A,WCC,HP,N/A,N/A,N/A, 3.03 ,120
ESE 208,History of the Earth System,N/A,N/A,N/A,LS,N/A,N/A, 3.06 ,223
ESE 210,Social & Environmental Issues,N/A,N/A,N/A,N/A,N/A,BS, 3.20 ,384
ESE 287,Environment and Society,N/A,WCC,N/A,N/A,N/A,BS, 3.25 ,1189
ESE 360,Environmental Writing,ACP,N/A,N/A,N/A,N/A,N/A, 3.33 ,160
ESE 380,GIS II: Spatial Prob Solving,N/A,N/A,N/A,N/A,QR1,N/A, 3.42 ,141
EURO 240,Arctic Narratives,N/A,WCC,HP,N/A,N/A,N/A, 3.35 ,24
FAA 102,Design Beyond Boundaries,N/A,N/A,HP,N/A,N/A,N/A, 3.05 ,29
FAA 110,Exploring Arts and Creativity,N/A,N/A,HP,N/A,N/A,N/A, 3.95 ,21
FAA 220,Introduction to Fashion,N/A,N/A,HP,N/A,N/A,N/A, 3.86 ,278
FR 156,Exploring Paris,N/A,WCC,HP,N/A,N/A,N/A, 3.54 ,848
FSHN 101,Intro Food Science & Nutrition,N/A,N/A,N/A,LS,N/A,N/A, 3.21 ,6616
FSHN 120,Contemporary Nutrition,N/A,N/A,N/A,LS,N/A,N/A, 3.48 ,12946
GCL 101,Introduction to Energy Sources,N/A,N/A,N/A,LS,QR1,N/A, 3.01 ,653
GCL 124,Sustainable Earth,N/A,N/A,N/A,LS,N/A,N/A, 3.56 ,25
GCL 125,Health and Wellness in Life Sciences,N/A,N/A,N/A,LS,N/A,N/A, 3.94 ,23
GCL 126,Sustainability and Social Science,N/A,N/A,N/A,N/A,N/A,BS, 3.54 ,21
GCL 129,Sustainable Design,N/A,NW,HP,N/A,N/A,N/A, 3.48 ,21
GCL 143,Mapping Inequalities,N/A,US,N/A,N/A,QR1,BS, 3.84 ,71
GCL 144,"Stereotypes, Prejudice & Discrimination",N/A,US,N/A,N/A,N/A,BSC, 3.88 ,46
GCL 145,Social Justice and the Arts,N/A,US,HP,N/A,N/A,N/A, 3.64 ,46
GCL 146,Fundamental Causes of Disease: The HIV/AIDS Pandemic,N/A,N/A,N/A,N/A,N/A,BS, 2.79 ,25
GCL 148,Historical Perspectives on Social Justice,N/A,N/A,HP,N/A,N/A,N/A, 3.67 ,46
GCL 185,"Health, Wellness, and the Black Experience",N/A,US,N/A,N/A,N/A,BS, 3.78 ,23
GCL 186,Health and Society,N/A,N/A,N/A,N/A,N/A,BS, 3.26 ,48
GCL 187,"Morality, Methods, and Medicine: Formal and Philosophical Approaches to Health in Society",N/A,N/A,HP,N/A,QR1,N/A, 3.67 ,44
GCL 188,Health and Wellness in Literature,N/A,N/A,HP,N/A,N/A,N/A, 3.75 ,24
GCL 200,Frameworks for Inequality,N/A,US,HP,N/A,N/A,N/A, 3.57 ,72
GCL 210,"Frameworks for Sustainability, Energy, & the Environment",N/A,WCC,HP,N/A,N/A,N/A, 3.16 ,21
GEOG 100,Introduction to Meteorology,N/A,N/A,N/A,LS,N/A,N/A, 3.33 ,8138
GEOG 101,Global Development&Environment,N/A,NW,N/A,N/A,N/A,BS, 3.50 ,974
GEOG 103,Earth's Physical Systems,N/A,N/A,N/A,LS,N/A,N/A, 3.20 ,789
GEOG 104,Social and Cultural Geography,N/A,N/A,N/A,N/A,N/A,BS, 3.12 ,509
GEOG 105,The Digital Earth,N/A,N/A,N/A,N/A,N/A,BS, 3.21 ,576
GEOG 106,Geographies of Globalization,N/A,NW,N/A,N/A,N/A,BS, 3.37 ,1525
GEOG 204,Cities of the World,N/A,WCC,N/A,N/A,N/A,BS, 3.15 ,790
GEOG 210,Social & Environmental Issues,N/A,N/A,N/A,N/A,N/A,BS, 3.20 ,384
GEOG 221,Geographies of Global Conflict,N/A,N/A,N/A,N/A,N/A,BS, 3.32 ,170
GEOG 280,Intro to Social Statistics,N/A,N/A,N/A,N/A,QR1,N/A, 2.90 ,378
GEOG 287,Environment and Society,N/A,WCC,N/A,N/A,N/A,BS, 3.25 ,1189
GEOG 371,Spatial Analysis,N/A,N/A,N/A,N/A,QR1,N/A, 3.01 ,183
GEOG 380,GIS II: Spatial Prob Solving,N/A,N/A,N/A,N/A,QR1,N/A, 3.42 ,141
GEOG 465,Transportation & Sustainability,ACP,N/A,N/A,N/A,N/A,N/A, 3.20 ,25
GEOL 100,Planet Earth,N/A,N/A,N/A,LS,N/A,N/A, 3.06 ,2543
GEOL 103,Planet Earth QRII,N/A,N/A,N/A,LS,QR1,N/A, 3.02 ,292
GEOL 104,Geology of the National Parks,N/A,N/A,N/A,LS,N/A,N/A, 3.43 ,232
GEOL 107,Physical Geology,N/A,N/A,N/A,LS,N/A,N/A, 3.24 ,226
GEOL 111,Emergence of Life,N/A,N/A,N/A,LS,N/A,N/A, 3.01 ,1035
GEOL 117,The Oceans,N/A,N/A,N/A,LS,N/A,N/A, 3.05 ,1637
GEOL 118,Natural Disasters,N/A,N/A,N/A,LS,N/A,N/A, 3.05 ,6411
GEOL 143,History of Life,N/A,N/A,N/A,LS,N/A,N/A, 3.13 ,399
GEOL 208,History of the Earth System,N/A,N/A,N/A,LS,N/A,N/A, 3.06 ,223
GER 201,German Popular Culture,N/A,WCC,HP,N/A,N/A,N/A, 3.41 ,156
GER 205,Germany and Europe,N/A,WCC,HP,N/A,N/A,N/A, 3.42 ,67
GER 250,Grimms' Fairy Tales - ACP,ACP,WCC,HP,N/A,N/A,N/A, 3.72 ,120
GER 251,Grimm's Fairy Tales in Context,N/A,WCC,HP,N/A,N/A,N/A, 3.53 ,550
GER 260,The Holocaust in Context - ACP,ACP,WCC,HP,N/A,N/A,N/A, 3.44 ,122
GER 261,The Holocaust in Context,N/A,WCC,HP,N/A,N/A,N/A, 3.63 ,47
GER 270,Sexuality and Literature,N/A,N/A,HP,N/A,N/A,N/A, 3.56 ,149
GLBL 100,Intro to Global Studies,N/A,WCC,N/A,N/A,N/A,BS, 3.52 ,1789
GLBL 118,Natural Disasters,N/A,N/A,N/A,LS,N/A,N/A, 3.05 ,6411
GLBL 200,Foundations of Research,N/A,N/A,N/A,N/A,QR1,BS, 3.61 ,23
GLBL 221,Geographies of Global Conflict,N/A,N/A,N/A,N/A,N/A,BS, 3.32 ,170
GLBL 228,"Terrorism, Past and Present",N/A,N/A,HP,N/A,N/A,N/A, 2.53 ,22
GLBL 250,Development,N/A,NW,N/A,N/A,N/A,N/A, 3.62 ,69
GLBL 280,Nuclear Weapons & Arms Control,ACP,N/A,N/A,N/A,N/A,N/A, 3.51 ,594
GLBL 357,Ethnic Conflict,ACP,N/A,N/A,N/A,N/A,N/A, 3.08 ,72
GLBL 392,Int Diplomacy and Negotiation,ACP,N/A,N/A,N/A,N/A,N/A, 3.01 ,229
GLBL 481,Writing on Technol & Security,ACP,N/A,N/A,N/A,N/A,N/A, 3.53 ,247
GWS 100,Intro Gender & Women's Studies,N/A,N/A,N/A,N/A,N/A,BS, 3.05 ,2175
GWS 103,Black Women in the Diaspora,N/A,US,N/A,N/A,N/A,N/A, 3.02 ,360
GWS 201,"Race, Gender & Power",N/A,WCC,N/A,N/A,N/A,N/A, 3.47 ,252
GWS 202,Sexualities,N/A,WCC,N/A,N/A,N/A,N/A, 3.36 ,570
GWS 215,US Citizenship Comparatively,N/A,US,HP,N/A,N/A,N/A, 3.20 ,141
GWS 225,Women in Prehistory,N/A,N/A,N/A,N/A,N/A,BS, 3.35 ,28
GWS 230,Latina/o Genders & Sexualities,N/A,US,N/A,N/A,N/A,N/A, 3.38 ,83
GWS 240,Sex & Gender in Antiquity,N/A,WCC,HP,N/A,N/A,N/A, 3.35 ,350
GWS 250,Gender and Representation,N/A,N/A,N/A,N/A,N/A,BS, 3.51 ,56
GWS 262,Women's Lives,N/A,N/A,N/A,N/A,N/A,BS, 2.95 ,29
GWS 263,US History of Medicine,N/A,WCC,HP,N/A,N/A,N/A, 3.25 ,349
GWS 270,Sexuality and Literature,N/A,N/A,HP,N/A,N/A,N/A, 3.56 ,149
GWS 275,The Politics of Fashion,N/A,US,N/A,N/A,N/A,N/A, 3.58 ,52
GWS 285,US Gender History to 1877,N/A,N/A,HP,N/A,N/A,N/A, 3.36 ,64
GWS 286,US Gender History Since 1877,N/A,N/A,HP,N/A,N/A,N/A, 3.45 ,162
GWS 287,African-American Women,N/A,US,HP,N/A,N/A,N/A, 2.99 ,101
GWS 356,Sex & Gender in Popular Media,N/A,WCC,N/A,N/A,N/A,N/A, 3.37 ,1324
GWS 361,Women in East Asia,N/A,NW,N/A,N/A,N/A,BS, 3.18 ,28
GWS 380,Black Women Hist & Cultures,N/A,NW,N/A,N/A,N/A,N/A, 2.19 ,23
GWS 382,Black Women & Popular Culture,N/A,US,N/A,N/A,N/A,N/A, 3.03 ,48
GWS 392,Chicanas&Latinas: Self&Society,ACP,N/A,N/A,N/A,N/A,N/A, 3.65 ,146
HDFS 105,Intro to Human Development,N/A,N/A,N/A,N/A,N/A,BSC, 3.68 ,7230
HDFS 120,Intro to Family Studies,N/A,N/A,N/A,N/A,N/A,BS, 3.54 ,1489
HDFS 140,Intro Gender & Women's Studies,N/A,N/A,N/A,N/A,N/A,BS, 3.05 ,2175
HDFS 143,Biology of Human Behavior,N/A,N/A,N/A,LS,N/A,N/A, 3.48 ,11922
HDFS 220,Families in Global Perspective,N/A,NW,N/A,N/A,N/A,BS, 3.23 ,1330
HDFS 221,Asian Families in America,N/A,US,N/A,N/A,N/A,BS, 3.89 ,304
HDFS 225,Close Relationships,N/A,N/A,N/A,N/A,N/A,BS, 3.42 ,602
HDFS 259,Motor Development and Control,N/A,N/A,N/A,N/A,N/A,BSC, 2.91 ,457
HDFS 262,"Motor Develop, Growth & Form",N/A,N/A,N/A,N/A,N/A,BSC, 3.20 ,1962
HDFS 290,Intro to Research Methods,ACP,N/A,N/A,N/A,N/A,N/A, 3.39 ,603
HDFS 322,US Latina and Latino Families,N/A,US,N/A,N/A,N/A,N/A, 3.44 ,84
HIST 100,Global History,N/A,NW,HP,N/A,N/A,N/A, 3.33 ,2561
HIST 101,History Now!,N/A,N/A,HP,N/A,N/A,N/A, 3.27 ,143
HIST 104,Black Music,N/A,US,HP,N/A,N/A,N/A, 3.59 ,205
HIST 105,Latin America to Independence,N/A,NW,HP,N/A,N/A,N/A, 3.28 ,306
HIST 106,Modern Latin America,N/A,NW,HP,N/A,N/A,N/A, 3.18 ,287
HIST 110,History of Africa,N/A,NW,HP,N/A,N/A,N/A, 3.28 ,401
HIST 120,East Asian Civilizations,N/A,NW,HP,N/A,N/A,N/A, 3.23 ,1509
HIST 130,History of South Asia,N/A,NW,HP,N/A,N/A,N/A, 3.43 ,249
HIST 135,History of Islamic Middle East,N/A,NW,HP,N/A,N/A,N/A, 3.10 ,182
HIST 141,Western Civ to 1660,N/A,WCC,HP,N/A,N/A,N/A, 3.00 ,1213
HIST 142,Western Civ Since 1660,N/A,WCC,HP,N/A,N/A,N/A, 3.23 ,679
HIST 164,The Automobile,N/A,WCC,HP,N/A,N/A,N/A, 3.56 ,231
HIST 168,A History of Judaism,ACP,N/A,HP,N/A,N/A,N/A, 3.57 ,87
HIST 171,US Hist to 1877,N/A,WCC,HP,N/A,N/A,N/A, 3.21 ,1028
HIST 171,US History to 1877,N/A,US,HP,N/A,N/A,N/A, 3.21 ,1028
HIST 172,US Hist Since 1877,N/A,WCC,HP,N/A,N/A,N/A, 3.23 ,1773
HIST 172,US History Since 1877,N/A,US,HP,N/A,N/A,N/A, 3.23 ,1773
HIST 174,"Black America, 1619-Present",N/A,US,HP,N/A,N/A,N/A, 3.05 ,403
HIST 202,American Environmental History,N/A,WCC,HP,N/A,N/A,N/A, 3.03 ,120
HIST 203,Reacting to the Past,N/A,N/A,HP,N/A,N/A,N/A, 3.64 ,51
HIST 205,LatAm Hist: Primary Accounts,N/A,NW,HP,N/A,N/A,N/A, 3.51 ,27
HIST 207,Publishing the Past,N/A,N/A,HP,N/A,N/A,N/A, 3.58 ,22
HIST 211,History of Southern Africa,N/A,NW,HP,N/A,N/A,N/A, 3.52 ,130
HIST 212,History of Eastern Africa,N/A,NW,HP,N/A,N/A,N/A, 2.98 ,85
HIST 219,History of the Prison,N/A,WCC,HP,N/A,N/A,N/A, 2.90 ,173
HIST 220,Traditional China,N/A,NW,HP,N/A,N/A,N/A, 2.84 ,307
HIST 221,Modern China,N/A,NW,N/A,N/A,N/A,N/A, 3.47 ,395
HIST 222,Chinese Thght Confucius to Mao,N/A,NW,HP,N/A,N/A,N/A, 2.71 ,73
HIST 222,Chinese Thought and Culture,N/A,NW,HP,N/A,N/A,N/A, 2.71 ,99
HIST 226,Premodern Japanese History,N/A,NW,HP,N/A,N/A,N/A, 3.25 ,50
HIST 227,Modern Japanese History,N/A,NW,HP,N/A,N/A,N/A, 2.98 ,152
HIST 241,History of Ancient Rome,N/A,WCC,HP,N/A,N/A,N/A, 3.43 ,1030
HIST 245,"Wives, Workers and Witches in Pre-Modern Europe",N/A,WCC,HP,N/A,N/A,N/A, 2.97 ,222
HIST 247,Medieval Europe,N/A,WCC,HP,N/A,N/A,N/A, 2.62 ,89
HIST 252,The Holocaust,N/A,WCC,HP,N/A,N/A,N/A, 3.30 ,286
HIST 253,Enlightenment to Existentialsm,N/A,WCC,HP,N/A,N/A,N/A, 3.52 ,160
HIST 254,Vikings to Volvos: Scandinavia,N/A,WCC,HP,N/A,N/A,N/A, 3.57 ,56
HIST 255,British Isles to 1688,N/A,WCC,HP,N/A,N/A,N/A, 2.84 ,265
HIST 256,Britain and World Since 1688,N/A,WCC,HP,N/A,N/A,N/A, 3.21 ,145
HIST 257,"Terrorism, Past and Present",N/A,N/A,HP,N/A,N/A,N/A, 2.53 ,22
HIST 258,20thC World to Midcentury,N/A,WCC,HP,N/A,N/A,N/A, 2.97 ,332
HIST 259,20thC World from Midcentury,N/A,WCC,HP,N/A,N/A,N/A, 3.22 ,591
HIST 260,History of Russia,N/A,WCC,HP,N/A,N/A,N/A, 3.19 ,311
HIST 263,US History of Medicine,N/A,WCC,HP,N/A,N/A,N/A, 3.25 ,349
HIST 264,Technology in Western Society,N/A,WCC,HP,N/A,N/A,N/A, 3.40 ,245
HIST 265,Science in Western Civ,N/A,WCC,HP,N/A,N/A,N/A, 3.28 ,50
HIST 265,Science in Western Culture,N/A,WCC,HP,N/A,N/A,N/A, 3.28 ,50
HIST 269,Jewish History Since 1700,N/A,WCC,HP,N/A,N/A,N/A, 3.49 ,229
HIST 270,United States History to 1815,N/A,WCC,HP,N/A,N/A,N/A, 3.20 ,34
HIST 271,Nineteenth Century America,N/A,WCC,HP,N/A,N/A,N/A, 2.99 ,361
HIST 272,Twentieth Century America,N/A,WCC,HP,N/A,N/A,N/A, 3.01 ,233
HIST 273,Illinois History,N/A,N/A,HP,N/A,N/A,N/A, 3.16 ,728
HIST 274,US & World Since 1917,N/A,WCC,HP,N/A,N/A,N/A, 3.22 ,342
HIST 274,US Foreign Relations Since 1917,N/A,WCC,HP,N/A,N/A,N/A, 3.22 ,342
HIST 275,Afro-American History to 1877,N/A,US,HP,N/A,N/A,N/A, 3.50 ,137
HIST 276,Afro-American Hist Since 1877,N/A,US,HP,N/A,N/A,N/A, 3.35 ,31
HIST 277,Encounters in Native America,N/A,US,HP,N/A,N/A,N/A, 3.26 ,127
HIST 278,Native American History,N/A,US,HP,N/A,N/A,N/A, 2.91 ,35
HIST 279,Mexican-American History,N/A,US,HP,N/A,N/A,N/A, 3.36 ,178
HIST 280,Caribbean Latina/o Migration,N/A,US,HP,N/A,N/A,N/A, 3.62 ,216
HIST 281,Constructing Race in America,N/A,US,HP,N/A,N/A,N/A, 3.23 ,311
HIST 283,Asian American History,N/A,US,HP,N/A,N/A,N/A, 3.49 ,307
HIST 285,US Gender History to 1877,N/A,N/A,HP,N/A,N/A,N/A, 3.36 ,64
HIST 286,US Gender History Since 1877,N/A,N/A,HP,N/A,N/A,N/A, 3.45 ,162
HIST 287,African-American Women,N/A,US,HP,N/A,N/A,N/A, 2.99 ,101
HIST 288,American Indians of Illinois,N/A,US,HP,N/A,N/A,N/A, 3.11 ,56
HIST 289,History of Religion in America,N/A,N/A,HP,N/A,N/A,N/A, 3.37 ,21
HIST 290,"Religion, Violence & America",N/A,WCC,N/A,N/A,N/A,N/A, 3.02 ,68
HIST 293,The President and the People,N/A,WCC,HP,N/A,N/A,N/A, 3.21 ,28
HIST 325,History of Korea,N/A,NW,HP,N/A,N/A,N/A, 3.91 ,38
HIST 384,Class Politics & Blk Community,ACP,N/A,N/A,N/A,N/A,N/A, 3.24 ,97
HIST 393,The World of Jewish Sepharad,N/A,WCC,HP,N/A,N/A,N/A, 3.04 ,22
HNDI 115,Language and Culture in India,N/A,NW,N/A,N/A,N/A,N/A, 3.72 ,264
HORT 261,Biotechnology in Agriculture,N/A,N/A,N/A,LS,N/A,N/A, 3.28 ,276
IB 100,Biology in Today's World,N/A,N/A,N/A,LS,N/A,N/A, 2.86 ,1675
IB 103,Introduction to Plant Biology,N/A,N/A,N/A,LS,N/A,N/A, 2.64 ,885
IB 105,Environmental Biology,N/A,N/A,N/A,LS,N/A,N/A, 3.33 ,7165
IB 108,The Biology of Dinosaurs,N/A,N/A,N/A,LS,N/A,N/A, 2.99 ,395
IB 150,Organismal & Evolutionary Biol,N/A,N/A,N/A,LS,N/A,N/A, 3.16 ,3544
IB 220,Applied Entomology,N/A,N/A,N/A,LS,N/A,N/A, 3.10 ,379
IB 271,Organismal Biology,ACP,N/A,N/A,N/A,N/A,N/A, 3.56 ,67
IHLT 230,Leadership in Health,N/A,N/A,N/A,N/A,N/A,BS, 3.79 ,69
IHLT 232,Health Disparities in the U.S.,N/A,US,N/A,N/A,N/A,N/A, 3.74 ,103
IHLT 240,Aging and Health Policy,N/A,N/A,N/A,N/A,N/A,BSC, 3.72 ,60
INFO 102,Little Bits to Big Ideas,N/A,N/A,N/A,N/A,QR1,N/A, 3.18 ,966
INFO 202,Social Aspects Info Tech,N/A,N/A,N/A,N/A,N/A,BS, 3.19 ,1282
IS 202,Social Aspects Info Tech,N/A,N/A,N/A,N/A,N/A,BS, 3.19 ,1282
ITAL 156,Exploring Rome: History and Culture of the Eternal City,N/A,WCC,HP,N/A,N/A,N/A, 3.38 ,42
ITAL 240,Italy Middle Ages & Renaiss,N/A,N/A,HP,N/A,N/A,N/A, 3.47 ,109
JOUR 200,Introduction to Journalism,ACP,N/A,N/A,N/A,N/A,N/A, 3.26 ,3771
JOUR 452,Great Books of Journalism,N/A,N/A,HP,N/A,N/A,N/A, 3.09 ,22
JOUR 452,Great Books of Journalism,N/A,US,HP,N/A,N/A,N/A, 3.09 ,22
JS 108,Religion & Society in West I,N/A,WCC,HP,N/A,N/A,N/A, 3.84 ,151
JS 120,A History of Judaism,ACP,N/A,HP,N/A,N/A,N/A, 3.57 ,87
JS 220,Jewish Storytelling,N/A,WCC,HP,N/A,N/A,N/A, 3.50 ,132
JS 252,The Holocaust,N/A,WCC,HP,N/A,N/A,N/A, 3.30 ,286
JS 261,The Holocaust in Context,N/A,WCC,HP,N/A,N/A,N/A, 3.63 ,47
JS 269,Jewish History Since 1700,N/A,WCC,HP,N/A,N/A,N/A, 3.49 ,229
JS 320,Lit Responses to the Holocaust,N/A,WCC,HP,N/A,N/A,N/A, 3.40 ,165
KIN 140,Social Sci of Human Movement,N/A,N/A,N/A,N/A,N/A,BS, 3.05 ,2462
KIN 150,Bioscience of Human Movement,N/A,N/A,N/A,LS,N/A,N/A, 3.18 ,2323
KIN 249,Sport & Modern Society,N/A,N/A,N/A,N/A,N/A,BS, 3.57 ,6354
KIN 259,Motor Development and Control,N/A,N/A,N/A,N/A,N/A,BSC, 2.91 ,457
KIN 262,"Motor Develop, Growth & Form",N/A,N/A,N/A,N/A,N/A,BSC, 3.20 ,1962
KIN 340,Soc & Psych of Phys Activity,ACP,N/A,N/A,N/A,N/A,N/A, 3.31 ,1777
KIN 401,Measure & Eval in Kinesiology,N/A,N/A,N/A,N/A,QR1,N/A, 3.43 ,923
LA 212,Water and Society,N/A,WCC,HP,N/A,N/A,N/A, 3.17 ,98
LA 218,S Asian Cultural Landscapes,N/A,NW,HP,N/A,N/A,N/A, 3.20 ,225
LA 221,History of the Prison,N/A,WCC,HP,N/A,N/A,N/A, 2.90 ,173
LA 222,Islamic Gardens & Architecture,N/A,NW,HP,N/A,N/A,N/A, 2.92 ,246
LA 242,Nature and American Culture,N/A,WCC,N/A,N/A,N/A,N/A, 3.48 ,6043
LA 250,Environmental Site Analysis,N/A,N/A,N/A,LS,N/A,N/A, 3.23 ,75
LA 314,History of World Landscapes,ACP,WCC,HP,N/A,N/A,N/A, 3.12 ,635
LAST 170,Introduction to Latin America,N/A,NW,N/A,N/A,N/A,BS, 3.60 ,1896
LAST 232,Spanish in the Community,N/A,US,N/A,N/A,N/A,N/A, 3.64 ,21
LAW 301,Introduction to Law,N/A,N/A,HP,N/A,N/A,N/A, 3.53 ,1332
LAW 302,Transitional Justice,N/A,US,HP,N/A,N/A,N/A, 2.97 ,49
LER 100,Introduction to Labor Studies,N/A,N/A,N/A,N/A,N/A,BS, 2.59 ,6459
LING 100,Intro to Language Science,N/A,N/A,N/A,N/A,N/A,BS, 3.47 ,1693
LING 104,Talking Culture,N/A,N/A,N/A,N/A,N/A,BS, 3.41 ,265
LING 105,Language in Daily Life,N/A,N/A,N/A,N/A,N/A,BS, 3.44 ,148
LING 111,Language in Globalization,N/A,NW,N/A,N/A,N/A,N/A, 3.57 ,2159
LING 115,Language and Culture in India,N/A,NW,N/A,N/A,N/A,N/A, 3.72 ,264
LING 210,Language History,N/A,N/A,HP,N/A,N/A,N/A, 3.50 ,571
LING 225,"Language, Mind, and Brain",N/A,N/A,N/A,N/A,N/A,BSC, 2.90 ,250
LING 250,American Voices: Linguistic Diversity in the US,N/A,US,N/A,N/A,N/A,BS, 3.32 ,323
LING 250,Language Diversity in the USA,N/A,N/A,N/A,N/A,N/A,BS, 3.32 ,323
LING 270,"Language, Technology & Society",N/A,WCC,N/A,N/A,N/A,BSC, 3.63 ,230
LING 301,Elements of Syntax,ACP,N/A,N/A,N/A,N/A,N/A, 3.04 ,426
LLS 100,Intro Latina/Latino Studies,N/A,US,N/A,N/A,N/A,BS, 3.40 ,966
LLS 200,U.S. Race and Empire,N/A,US,HP,N/A,N/A,N/A, 3.71 ,21
LLS 201,US Racial & Ethnic Politics,N/A,US,N/A,N/A,N/A,BS, 3.09 ,867
LLS 215,US Citizenship Comparatively,N/A,US,HP,N/A,N/A,N/A, 3.20 ,141
LLS 220,Latina/o Migration,N/A,US,N/A,N/A,N/A,BS, 2.99 ,33
LLS 220,Mexican & Latin Am Migration,N/A,N/A,N/A,N/A,N/A,BS, 2.99 ,144
LLS 230,Latina/o Genders & Sexualities,N/A,US,N/A,N/A,N/A,N/A, 3.38 ,83
LLS 240,Latina/o Popular Culture,N/A,US,N/A,N/A,N/A,N/A, 3.47 ,142
LLS 242,Intro to Latina/o Literature,N/A,US,HP,N/A,N/A,N/A, 3.18 ,400
LLS 250,Latina/os on the Bronze Screen,N/A,US,HP,N/A,N/A,N/A, 3.56 ,110
LLS 258,Muslims in America,N/A,US,N/A,N/A,N/A,BS, 3.73 ,145
LLS 260,Graffiti and Murals,N/A,WCC,HP,N/A,N/A,N/A, 3.02 ,191
LLS 265,Politics of Hip Hop,N/A,US,N/A,N/A,N/A,N/A, 3.50 ,198
LLS 279,Mexican-American History,N/A,US,HP,N/A,N/A,N/A, 3.48 ,178
LLS 280,Caribbean Latina/o Migration,N/A,US,HP,N/A,N/A,N/A, 3.62 ,216
LLS 281,Constructing Race in America,N/A,US,HP,N/A,N/A,N/A, 3.23 ,311
LLS 301,19thC US Latina/o Lit-ACP,ACP,US,HP,N/A,N/A,N/A, 2.83 ,52
LLS 310,Race and Cultural Diversity,ACP,US,N/A,N/A,N/A,N/A, 3.29 ,520
LLS 322,US Latina and Latino Families,N/A,US,N/A,N/A,N/A,N/A, 3.44 ,84
LLS 360,Contemporary US Latina/o Lit,N/A,US,HP,N/A,N/A,N/A, 3.10 ,81
LLS 385,Theory and Methods in LLS,ACP,N/A,N/A,N/A,N/A,N/A, 3.28 ,46
LLS 392,Chicanas&Latinas: Self&Society,ACP,N/A,N/A,N/A,N/A,N/A, 3.65 ,146
MACS 100,Intro to Popular TV & Movies,N/A,WCC,HP,N/A,N/A,N/A, 3.46 ,6478
MACS 101,Intro to the Media,ACP,N/A,N/A,N/A,N/A,N/A, 3.50 ,3202
MACS 104,Intro to Film,N/A,N/A,HP,N/A,N/A,N/A, 3.15 ,3393
MACS 117,Shakespeare on Film,N/A,N/A,HP,N/A,N/A,N/A, 3.74 ,29
MACS 166,Contemporary Media Literacy,N/A,N/A,N/A,N/A,N/A,BS, 3.59 ,100
MACS 202,Social Aspects Info Tech,N/A,N/A,N/A,N/A,N/A,BS, 3.19 ,1282
MACS 207,Indian Cinema in Context,N/A,NW,HP,N/A,N/A,N/A, 3.87 ,1273
MACS 250,Latina/os on the Bronze Screen,N/A,US,HP,N/A,N/A,N/A, 3.56 ,110
MACS 261,Survey of World Cinema I,N/A,N/A,HP,N/A,N/A,N/A, 3.10 ,443
MACS 262,Survey of World Cinema II,N/A,N/A,HP,N/A,N/A,N/A, 3.26 ,326
MACS 264,Creative and Information Economies,N/A,WCC,HP,N/A,N/A,N/A, 3.17 ,243
MACS 275,Am Indian and Indigenous Film,N/A,US,HP,N/A,N/A,N/A, 3.35 ,26
MACS 321,Film Culture,N/A,WCC,N/A,N/A,N/A,N/A, 3.88 ,27
MACS 351,Social Aspects of Media,N/A,N/A,N/A,N/A,N/A,BS, 3.19 ,999
MACS 356,Sex & Gender in Popular Media,N/A,WCC,N/A,N/A,N/A,N/A, 3.37 ,1324
MATH 103,Theory of Arithmetic,N/A,N/A,N/A,N/A,QR1,N/A, 3.16 ,1400
MATH 115,Preparation for Calculus,N/A,N/A,N/A,N/A,QR1,N/A, 2.35 ,5403
MATH 117,Elementary Mathematics,N/A,N/A,N/A,N/A,QR1,N/A, 3.22 ,547
MATH 119,Ideas in Geometry,N/A,N/A,N/A,N/A,QR1,N/A, 3.15 ,268
MATH 124,Finite Mathematics,N/A,N/A,N/A,N/A,QR1,N/A, 2.96 ,2159
MATH 181,A Mathematical World,N/A,N/A,N/A,N/A,QR1,N/A, 2.75 ,1130
MATH 213,Basic Discrete Mathematics,N/A,N/A,N/A,N/A,QR1,N/A, 2.99 ,1353
MATH 220,Calculus,N/A,N/A,N/A,N/A,QR1,N/A, 2.43 ,11681
MATH 221,Calculus I,N/A,N/A,N/A,N/A,QR1,N/A, 2.76 ,9977
MATH 231,Calculus II,N/A,N/A,N/A,N/A,QR1,N/A, 2.72 ,20880
MATH 234,Calculus for Business I,N/A,N/A,N/A,N/A,QR1,N/A, 2.58 ,5045
MATH 241,Calculus III,N/A,N/A,N/A,N/A,QR1,N/A, 2.73 ,25058
MATH 285,Intro Differential Equations,N/A,N/A,N/A,N/A,QR1,N/A, 3.02 ,12143
MATH 286,Intro to Differential Eq Plus,N/A,N/A,N/A,N/A,QR1,N/A, 2.88 ,4864
MATH 347,Fundamental Mathematics,N/A,N/A,N/A,N/A,QR1,N/A, 3.02 ,2523
MATH 348,Fundamental Mathematics-ACP,ACP,N/A,N/A,N/A,QR1,N/A, 2.90 ,165
MATH 402,Non Euclidean Geometry,N/A,N/A,N/A,N/A,QR1,N/A, 3.20 ,415
MATH 405,Teacher's Course,N/A,N/A,N/A,N/A,QR1,N/A, 3.50 ,59
MATH 414,Mathematical Logic,N/A,N/A,N/A,N/A,QR1,N/A, 2.82 ,81
MATH 453,Elementary Theory of Numbers,N/A,N/A,N/A,N/A,QR1,N/A, 3.23 ,991
MCB 100,Introductory Microbiology,N/A,N/A,N/A,LS,N/A,N/A, 2.79 ,4661
MCB 150,Molec & Cellular Basis of Life,N/A,N/A,N/A,LS,N/A,N/A, 2.85 ,6825
MCB 170,Society and the Brain,N/A,N/A,N/A,LS,N/A,N/A, 3.67 ,1315
MCB 180,Human Reproduction & Society,N/A,N/A,N/A,LS,N/A,N/A, 2.70 ,21
MDIA 223,Watching the Environment,N/A,N/A,N/A,N/A,N/A,BS, 2.67 ,345
MDVL 111,Ancient to Medieval Art,N/A,N/A,HP,N/A,N/A,N/A, 3.27 ,223
MDVL 201,Medieval Lit and Culture,N/A,WCC,HP,N/A,N/A,N/A, 3.29 ,497
MDVL 216,Legends of King Arthur,N/A,WCC,HP,N/A,N/A,N/A, 3.45 ,59
MDVL 240,Italy Middle Ages & Renaiss,N/A,N/A,HP,N/A,N/A,N/A, 3.47 ,109
MDVL 247,Medieval Europe,N/A,WCC,HP,N/A,N/A,N/A, 2.62 ,89
MDVL 251,Viking Mythology,N/A,WCC,HP,N/A,N/A,N/A, 3.23 ,967
MDVL 252,Viking Sagas in Translation,N/A,WCC,HP,N/A,N/A,N/A, 3.24 ,223
MDVL 255,British Isles to 1688,N/A,WCC,HP,N/A,N/A,N/A, 2.84 ,265
ME 470,Senior Design Project,ACP,N/A,N/A,N/A,N/A,N/A, 3.73 ,1992
MILS 120,Intro to US Armed Forces,N/A,N/A,HP,N/A,N/A,N/A, 2.88 ,30
MSE 101,Materials in Today's World,N/A,N/A,N/A,LS,N/A,N/A, 3.33 ,432
MSE 307,Materials Laboratory I,ACP,N/A,N/A,N/A,N/A,N/A, 3.13 ,780
MSE 308,Materials Laboratory II,ACP,N/A,N/A,N/A,N/A,N/A, 3.47 ,802
MUS 130,Introd to the Art of Music,N/A,WCC,HP,N/A,N/A,N/A, 3.32 ,4332
MUS 132,Popular Music Studies,N/A,US,HP,N/A,N/A,N/A, 3.18 ,82
MUS 133,Introduction to World Music,N/A,NW,HP,N/A,N/A,N/A, 3.31 ,7241
MUS 244,Social Foundations of Music Ed,ACP,N/A,N/A,N/A,N/A,N/A, 3.21 ,70
MUS 313,The History of Music I,N/A,N/A,HP,N/A,N/A,N/A, 2.85 ,942
MUS 314,The History of Music II,N/A,N/A,HP,N/A,N/A,N/A, 3.08 ,802
MUS 339,Princpls and Technqs in Mus Ed,N/A,N/A,N/A,N/A,QR1,N/A, 3.65 ,183
MUSE 250,The World Through Museums,N/A,WCC,N/A,N/A,N/A,BS, 3.50 ,407
NPRE 101,Introduction to Energy Sources,N/A,N/A,N/A,LS,QR1,N/A, 3.01 ,653
NPRE 481,Writing on Technol & Security,ACP,N/A,N/A,N/A,N/A,N/A, 3.53 ,247
NRES 100,Fundamentals of Env Sci,N/A,N/A,N/A,LS,N/A,N/A, 3.41 ,1089
NRES 103,The Great Lakes - Freshwater Wonder at Risk,N/A,N/A,N/A,LS,N/A,N/A, 2.92 ,258
NRES 202,American Environmental History,N/A,WCC,HP,N/A,N/A,N/A, 3.03 ,120
NRES 210,Environmental Economics,N/A,N/A,N/A,N/A,N/A,BS, 3.21 ,1561
NRES 220,Communicating Agriculture,ACP,N/A,N/A,N/A,N/A,N/A, 3.35 ,149
NRES 223,Watching the Environment,N/A,N/A,N/A,N/A,N/A,BS, 2.67 ,345
NRES 242,Nature and American Culture,N/A,WCC,N/A,N/A,N/A,N/A, 3.48 ,6043
NRES 270,Applied Entomology,N/A,N/A,N/A,LS,N/A,N/A, 3.10 ,379
NRES 287,Environment and Society,N/A,WCC,N/A,N/A,N/A,BS, 3.25 ,1189
NRES 419,Env and Plant Ecosystems,ACP,N/A,N/A,N/A,N/A,N/A, 3.29 ,287
NS 120,Intro to US Armed Forces,N/A,N/A,HP,N/A,N/A,N/A, 2.88 ,30
PHIL 100,Intro to Philosophy-ACP,ACP,N/A,HP,N/A,N/A,N/A, 3.03 ,501
PHIL 101,Introduction to Philosophy,N/A,N/A,HP,N/A,N/A,N/A, 3.06 ,3379
PHIL 102,Logic and Reasoning,N/A,N/A,HP,N/A,N/A,N/A, 3.13 ,4282
PHIL 103,Logic and Reasoning QR II,N/A,N/A,HP,N/A,QR1,N/A, 2.99 ,721
PHIL 104,Intro to Ethics-ACP,ACP,N/A,HP,N/A,N/A,N/A, 3.16 ,137
PHIL 105,Introduction to Ethics,N/A,N/A,HP,N/A,N/A,N/A, 3.11 ,1515
PHIL 107,Intro to Political Philosophy,N/A,N/A,N/A,N/A,N/A,BS, 3.27 ,149
PHIL 108,Religion & Society in West I,N/A,WCC,HP,N/A,N/A,N/A, 3.84 ,151
PHIL 109,Religion & Society in West II,N/A,WCC,HP,N/A,N/A,N/A, 3.66 ,182
PHIL 110,World Religions,N/A,NW,HP,N/A,N/A,N/A, 3.56 ,1788
PHIL 202,Symbolic Logic,N/A,N/A,N/A,N/A,QR1,N/A, 3.02 ,527
PHIL 203,Ancient Philosophy,N/A,N/A,HP,N/A,N/A,N/A, 3.02 ,1272
PHIL 206,Early Modern Philosophy,N/A,N/A,HP,N/A,N/A,N/A, 3.09 ,1098
PHIL 210,Ethics,N/A,N/A,HP,N/A,N/A,N/A, 3.49 ,178
PHIL 214,Biomedical Ethics,N/A,N/A,HP,N/A,N/A,N/A, 3.30 ,472
PHIL 230,Philosophy of Religion Intro,N/A,N/A,HP,N/A,N/A,N/A, 3.25 ,169
PHIL 231,Religion and Philosophy,N/A,N/A,HP,N/A,N/A,N/A, 3.07 ,74
PHIL 250,Conceptions of Human Nature,N/A,N/A,HP,N/A,N/A,N/A, 3.21 ,209
PHIL 270,Philosophy of Science,N/A,N/A,HP,N/A,N/A,N/A, 2.86 ,76
PHIL 316,Ethics and Engineering,ACP,N/A,HP,N/A,N/A,N/A, 3.64 ,945
PHIL 419,"Space, Time, and Matter-ACP",ACP,N/A,N/A,N/A,N/A,N/A, 2.97 ,355
PHYS 101,College Physics: Mech & Heat,N/A,N/A,N/A,LS,QR1,N/A, 2.70 ,7992
PHYS 102,College Physics: E&M & Modern,N/A,N/A,N/A,LS,QR1,N/A, 2.79 ,5718
PHYS 123,Physics Made Easy,N/A,N/A,N/A,LS,N/A,N/A, 3.84 ,677
PHYS 140,How Things Work,N/A,N/A,N/A,LS,QR1,N/A, 3.07 ,1616
PHYS 150,Physics of Societal Issues,N/A,N/A,N/A,LS,QR1,N/A, 3.09 ,325
PHYS 211,University Physics: Mechanics,N/A,N/A,N/A,LS,QR1,N/A, 2.90 ,18768
PHYS 212,University Physics: Elec & Mag,N/A,N/A,N/A,LS,QR1,N/A, 2.75 ,18064
PHYS 213,Univ Physics: Thermal Physics,N/A,N/A,N/A,LS,QR1,N/A, 2.71 ,11384
PHYS 214,Univ Physics: Quantum Physics,N/A,N/A,N/A,LS,QR1,N/A, 2.72 ,11542
PHYS 280,Nuclear Weapons & Arms Control,ACP,N/A,N/A,N/A,N/A,N/A, 3.51 ,594
PHYS 419,"Space, Time, and Matter-ACP",ACP,N/A,N/A,N/A,N/A,N/A, 2.97 ,355
PHYS 496,Intro to Physics Research,ACP,N/A,N/A,N/A,N/A,N/A, 3.77 ,118
PLPA 200,"Plants, Pathogens, and People",ACP,N/A,N/A,LS,N/A,N/A, 3.40 ,1719
PLPA 204,Introductory Plant Pathology,N/A,N/A,N/A,LS,N/A,N/A, 3.33 ,466
POL 115,Intro to Polish Culture,N/A,WCC,HP,N/A,N/A,N/A, 3.70 ,347
PS 100,Intro to Political Science,N/A,N/A,N/A,N/A,N/A,BS, 3.10 ,4013
PS 101,Intro to US Gov & Pol,N/A,N/A,N/A,N/A,N/A,BS, 2.88 ,3994
PS 152,The New Middle East,N/A,NW,N/A,N/A,N/A,BS, 3.20 ,254
PS 200,Foundations of Pol Sci,N/A,N/A,N/A,N/A,N/A,BS, 2.37 ,555
PS 201,US Racial & Ethnic Politics,N/A,US,N/A,N/A,N/A,BS, 3.09 ,867
PS 224,Politics of the National Parks,N/A,N/A,N/A,N/A,N/A,BS, 3.54 ,242
PS 225,Environmental Politics & Policy,N/A,N/A,N/A,N/A,N/A,BS, 2.77 ,114
PS 240,Intro to Comp Politics,N/A,N/A,N/A,N/A,N/A,BS, 3.32 ,1971
PS 241,Comp Politics in Dev Nations,N/A,NW,N/A,N/A,N/A,BS, 3.02 ,1502
PS 242,Introduction to Modern Africa,N/A,NW,N/A,N/A,N/A,N/A, 3.64 ,337
PS 270,Intro to Political Theory,N/A,N/A,HP,N/A,N/A,N/A, 2.98 ,994
PS 273,Environment and Society,N/A,WCC,N/A,N/A,N/A,BS, 3.25 ,1189
PS 280,Intro to Intl Relations,N/A,N/A,N/A,N/A,N/A,BS, 2.96 ,3848
PS 281,Intro to Intl Relations-ACP,ACP,N/A,N/A,N/A,N/A,BS, 3.38 ,94
PS 282,Governing Globalization,ACP,N/A,N/A,N/A,N/A,BS, 3.27 ,611
PS 357,Ethnic Conflict,ACP,N/A,N/A,N/A,N/A,N/A, 3.08 ,72
PSYC 100,Intro Psych,N/A,N/A,N/A,N/A,N/A,BSC, 2.90 ,24140
PSYC 103,Intro Experimental Psych,N/A,N/A,N/A,N/A,N/A,BSC, 2.87 ,461
PSYC 105,Psych Introduction,N/A,N/A,N/A,N/A,N/A,BSC, 3.52 ,114
PSYC 201,Intro to Social Psych,N/A,N/A,N/A,N/A,N/A,BSC, 3.23 ,8617
PSYC 207,Psychology of Prejudice and Discrimination,N/A,N/A,N/A,N/A,N/A,BSC, 3.13 ,136
PSYC 210,Behavioral Neuroscience,N/A,N/A,N/A,LS,N/A,N/A, 2.64 ,2428
PSYC 230,Perception & Sensory Processes,N/A,N/A,N/A,N/A,N/A,BSC, 3.24 ,3119
PSYC 235,Intro to Statistics,N/A,N/A,N/A,N/A,QR1,N/A, 3.03 ,832
PSYC 239,Community Psych,N/A,N/A,N/A,N/A,N/A,BS, 3.44 ,1355
PSYC 322,Intro Intellectual Disability,N/A,N/A,N/A,N/A,N/A,BSC, 3.41 ,1539
REES 115,Intro to Polish Culture,N/A,WCC,HP,N/A,N/A,N/A, 3.70 ,347
REES 116,Intro to Russian Culture,N/A,WCC,HP,N/A,N/A,N/A, 3.57 ,60
REES 201,Introduction to Eastern Europe,N/A,N/A,N/A,N/A,N/A,BS, 3.83 ,83
REHB 322,Intro Intellectual Disability,N/A,N/A,N/A,N/A,N/A,BSC, 3.41 ,1539
REHB 330,Disability in American Society,N/A,N/A,N/A,N/A,N/A,BS, 3.55 ,1798
REL 101,Bible as Literature,N/A,N/A,HP,N/A,N/A,N/A, 3.34 ,52
REL 104,Asian Mythology,N/A,NW,HP,N/A,N/A,N/A, 3.11 ,153
REL 106,Archaeology and the Bible,ACP,N/A,HP,N/A,N/A,N/A, 3.34 ,51
REL 108,Religion & Society in West I,N/A,WCC,HP,N/A,N/A,N/A, 3.84 ,151
REL 109,Religion & Society in West II,N/A,WCC,HP,N/A,N/A,N/A, 3.66 ,182
REL 110,World Religions,N/A,NW,HP,N/A,N/A,N/A, 3.56 ,1788
REL 115,Language and Culture in India,N/A,NW,N/A,N/A,N/A,N/A, 3.72 ,264
REL 120,A History of Judaism,ACP,N/A,HP,N/A,N/A,N/A, 3.57 ,87
REL 121,Introduction to Christianity,N/A,N/A,HP,N/A,N/A,N/A, 3.21 ,97
REL 122,History East Asian Religions,N/A,NW,HP,N/A,N/A,N/A, 3.66 ,96
REL 132,Zen,N/A,NW,HP,N/A,N/A,N/A, 3.69 ,55
REL 160,Ancient Greek & Roman Religion,N/A,WCC,HP,N/A,N/A,N/A, 3.27 ,235
REL 201,Hebrew Bible in English,N/A,N/A,HP,N/A,N/A,N/A, 3.35 ,28
REL 208,Cultures & Literatures of South Asia,N/A,NW,HP,N/A,N/A,N/A, 3.93 ,92
REL 213,Intro to Islam - ACP,ACP,NW,HP,N/A,N/A,N/A, 2.88 ,48
REL 214,Introduction to Islam,N/A,NW,HP,N/A,N/A,N/A, 3.14 ,76
REL 220,Jewish Storytelling,N/A,WCC,HP,N/A,N/A,N/A, 3.50 ,132
REL 223,The Qur'an (Koran),N/A,NW,HP,N/A,N/A,N/A, 3.18 ,28
REL 224,Chinese Thght Confucius to Mao,N/A,NW,HP,N/A,N/A,N/A, 2.87 ,73
REL 230,Philosophy of Religion Intro,N/A,N/A,HP,N/A,N/A,N/A, 3.25 ,169
REL 231,Religion and Philosophy,N/A,N/A,HP,N/A,N/A,N/A, 3.07 ,74
REL 235,History of Religion in America,N/A,N/A,HP,N/A,N/A,N/A, 3.37 ,21
REL 236,"Religion, Violence & America",N/A,WCC,N/A,N/A,N/A,N/A, 3.02 ,68
REL 251,Viking Mythology,N/A,WCC,HP,N/A,N/A,N/A, 3.23 ,967
REL 258,Muslims in America,N/A,US,N/A,N/A,N/A,BS, 3.73 ,145
REL 260,Mystics and Saints in Islam,N/A,NW,HP,N/A,N/A,N/A, 3.08 ,24
REL 269,Jewish History Since 1700,N/A,WCC,HP,N/A,N/A,N/A, 3.49 ,229
REL 270,"Religion, Ethics, Environment",N/A,WCC,HP,N/A,N/A,N/A, 3.33 ,29
REL 286,Introduction to Hinduism,N/A,NW,HP,N/A,N/A,N/A, 3.38 ,252
REL 287,Introduction to Buddhism,N/A,NW,HP,N/A,N/A,N/A, 3.18 ,66
REL 320,Lit Responses to the Holocaust,N/A,WCC,HP,N/A,N/A,N/A, 3.40 ,165
REL 393,The World of Jewish Sepharad,N/A,WCC,HP,N/A,N/A,N/A, 3.04 ,22
RHET 233,Adv Rhetoric & Composition,ACP,N/A,N/A,N/A,N/A,N/A, 3.42 ,572
RSOC 110,Intro to Rural Society,N/A,N/A,N/A,N/A,N/A,BS, 3.55 ,122
RSOC 270,Global Demography,N/A,N/A,N/A,N/A,N/A,BS, 2.82 ,34
RSOC 270,Population Issues,N/A,N/A,N/A,N/A,N/A,BS, 3.03 ,318
RST 100,"Recreation, Sport, and Tourism in Modern Society",N/A,N/A,N/A,N/A,N/A,BS, 3.12 ,2120
RST 120,"Parks, Recreation, and Environments",N/A,N/A,N/A,N/A,N/A,BSC, 3.18 ,26
RST 224,Politics of the National Parks,N/A,N/A,N/A,N/A,N/A,BS, 3.54 ,242
RST 230,"Diversity in Recreation, Sport, and Tourism",N/A,US,N/A,N/A,N/A,N/A, 3.07 ,562
RST 242,Nature and American Culture,N/A,WCC,N/A,N/A,N/A,N/A, 3.48 ,6043
RST 335,Leisure and Consumer Culture,N/A,WCC,N/A,N/A,N/A,BS, 3.08 ,180
RST 370,Research Methods & Analysis,N/A,N/A,N/A,N/A,QR1,N/A, 3.32 ,1004
RST 410,Administration of Leisure Serv,ACP,N/A,N/A,N/A,N/A,N/A, 2.60 ,808
RST 410,"Strategic Thinking in Recreation, Sport and Tourism",ACP,N/A,N/A,N/A,N/A,N/A, 2.60 ,86
RUSS 115,Intro to Russian Culture,N/A,WCC,HP,N/A,N/A,N/A, 3.57 ,60
RUSS 220,Golden Age of Russian Lit,N/A,N/A,HP,N/A,N/A,N/A, 2.77 ,73
RUSS 225,Russian Lit and Revolution,N/A,N/A,HP,N/A,N/A,N/A, 2.95 ,44
SAME 150,Lang&Culture of Arab World,N/A,NW,N/A,N/A,N/A,N/A, 3.43 ,689
SAME 152,The New Middle East,N/A,NW,N/A,N/A,N/A,BS, 3.10 ,254
SAME 213,Intro to Islam - ACP,ACP,NW,HP,N/A,N/A,N/A, 2.88 ,48
SAME 214,Introduction to Islam,N/A,NW,HP,N/A,N/A,N/A, 3.14 ,76
SAME 223,The Qur'an (Koran),N/A,NW,HP,N/A,N/A,N/A, 3.18 ,28
SAME 260,Mystics and Saints in Islam,N/A,NW,HP,N/A,N/A,N/A, 3.08 ,24
SCAN 215,"Madness, Myth, and Murder",N/A,N/A,HP,N/A,N/A,N/A, 3.05 ,130
SCAN 225,Vikings to Volvos: Scandinavia,N/A,WCC,HP,N/A,N/A,N/A, 3.57 ,56
SCAN 240,Arctic Narratives,N/A,WCC,HP,N/A,N/A,N/A, 3.35 ,24
SCAN 251,Viking Mythology,N/A,WCC,HP,N/A,N/A,N/A, 3.23 ,967
SCAN 252,Viking Sagas in Translation,N/A,WCC,HP,N/A,N/A,N/A, 3.24 ,223
SE 494,Senior Engineering Project I,ACP,N/A,N/A,N/A,N/A,N/A, 3.74 ,80
SE 495,Senior Engineering Project II,ACP,N/A,N/A,N/A,N/A,N/A, 3.89 ,180
SHS 120,"Child, Comm, & Lang Ability",N/A,N/A,N/A,N/A,N/A,BSC, 3.51 ,12859
SHS 222,Language & Culture of Deaf Communities,N/A,US,N/A,N/A,N/A,BS, 3.50 ,2422
SHS 231,Lang Diff Dis: American Persp,N/A,US,N/A,N/A,N/A,N/A, 3.73 ,143
SHS 270,Comm Disability in the Media,ACP,N/A,N/A,N/A,N/A,BS, 3.43 ,1225
SHS 271,Communication and Aging,N/A,N/A,N/A,N/A,N/A,BS, 3.65 ,475
SLAV 117,Russ & E Euro Science Fiction,N/A,N/A,HP,N/A,N/A,N/A, 3.66 ,138
SLAV 120,Russian & E Euro Folktales,N/A,WCC,HP,N/A,N/A,N/A, 3.44 ,102
SLCL 200,Topics in Global Culture,N/A,WCC,HP,N/A,N/A,N/A, 3.50 ,59
SOC 100,Introduction to Sociology,N/A,N/A,N/A,N/A,N/A,BS, 3.35 ,10887
SOC 101,Sociology of Gender,N/A,N/A,N/A,N/A,N/A,BS, 2.74 ,446
SOC 108,Religion & Society in West I,N/A,WCC,HP,N/A,N/A,N/A, 3.84 ,151
SOC 109,Religion & Society in West II,N/A,WCC,HP,N/A,N/A,N/A, 3.66 ,182
SOC 122,Africa in World Perspective,N/A,NW,N/A,N/A,N/A,BS, 3.34 ,125
SOC 130,Intro Gender & Women's Studies,N/A,N/A,N/A,N/A,N/A,BS, 3.05 ,2175
SOC 160,Global Ineq and Social Change,N/A,NW,N/A,N/A,N/A,BS, 3.44 ,647
SOC 161,Introduction to Poverty,N/A,WCC,N/A,N/A,N/A,BS, 3.31 ,76
SOC 162,Intro to Intl Health Policy,N/A,WCC,N/A,N/A,N/A,BS, 3.36 ,891
SOC 179,Social Organization,N/A,N/A,N/A,N/A,N/A,BS, 3.56 ,27
SOC 201,"Race, Gender & Power",N/A,WCC,N/A,N/A,N/A,N/A, 3.47 ,252
SOC 202,Sexualities,N/A,WCC,N/A,N/A,N/A,N/A, 3.36 ,570
SOC 221,Latina/o Migration,N/A,US,N/A,N/A,N/A,BS, 2.99 ,33
SOC 221,Mexican & Latin Am Migration,N/A,N/A,N/A,N/A,N/A,BS, 3.15 ,144
SOC 222,Introduction to Modern Africa,N/A,NW,N/A,N/A,N/A,N/A, 3.64 ,337
SOC 225,Race and Ethnicity,N/A,US,N/A,N/A,N/A,BS, 3.49 ,366
SOC 261,Gender in a Transnational Perspective,N/A,N/A,N/A,N/A,N/A,BS, 3.49 ,110
SOC 270,Global Demography,N/A,N/A,N/A,N/A,N/A,BS, 2.82 ,34
SOC 270,Population Issues,N/A,N/A,N/A,N/A,N/A,BS, 2.82 ,318
SOC 273,Social Perspectives on the Family,N/A,N/A,N/A,N/A,N/A,BS, 2.94 ,232
SOC 280,Intro to Social Statistics,N/A,N/A,N/A,N/A,QR1,N/A, 2.90 ,378
SOC 350,Technology and Society,N/A,N/A,N/A,N/A,N/A,BS, 3.51 ,777
SOC 373,Social Inequality,N/A,N/A,N/A,N/A,N/A,BS, 3.44 ,60
SOC 373,Social Stratification,N/A,N/A,N/A,N/A,N/A,BS, 3.44 ,368
SOC 380,Social Research Methods,N/A,N/A,N/A,N/A,QR1,N/A, 3.39 ,773
SOC 392,Chicanas&Latinas: Self&Society,ACP,N/A,N/A,N/A,N/A,N/A, 3.65 ,146
SOC 477,Law and Society- ACP,ACP,N/A,N/A,N/A,N/A,N/A, 3.73 ,21
SOC 488,Demographic Analysis,N/A,N/A,N/A,N/A,QR1,N/A, 2.84 ,27
SOC 488,Demographic Methods,N/A,N/A,N/A,N/A,QR1,N/A, 2.84 ,27
SOCW 200,Introduction to Social Work,N/A,N/A,N/A,N/A,N/A,BS, 3.09 ,2164
SOCW 225,Intro Stat for Social Work,N/A,N/A,N/A,N/A,QR1,N/A, 3.07 ,137
SOCW 240,Death & Dying,N/A,N/A,N/A,N/A,N/A,BS, 3.50 ,231
SOCW 297,Asian Families in America,N/A,US,N/A,N/A,N/A,BS, 3.89 ,304
SOCW 300,Diversity: Identities & Issues,ACP,US,N/A,N/A,N/A,N/A, 3.41 ,1546
SPAN 232,Spanish in the Community,N/A,US,N/A,N/A,N/A,N/A, 3.64 ,21
SPAN 240,Latina/o Popular Culture,N/A,US,N/A,N/A,N/A,N/A, 3.47 ,142
SPAN 242,Intro to Latina/o Literature,N/A,US,HP,N/A,N/A,N/A, 3.18 ,400
SPED 117,The Culture of Disability,N/A,N/A,HP,N/A,N/A,N/A, 3.76 ,7156
SPED 322,Intro Intellectual Disability,N/A,N/A,N/A,N/A,N/A,BSC, 3.41 ,1539
SPED 322,Introduction to Intellectual Disability,N/A,N/A,N/A,N/A,N/A,BSC, 3.41 ,1539
STAT 100,Statistics,N/A,N/A,N/A,N/A,QR1,N/A, 3.35 ,28171
STAT 200,Statistical Analysis,N/A,N/A,N/A,N/A,QR1,N/A, 3.41 ,4507
STAT 212,Biostatistics,N/A,N/A,N/A,N/A,QR1,N/A, 3.45 ,2055
THEA 101,Introduction to Theatre Arts,N/A,N/A,HP,N/A,N/A,N/A, 3.63 ,18567
THEA 102,Text to Stage,N/A,N/A,HP,N/A,N/A,N/A, 3.79 ,294
THEA 110,Broadway Musicals,N/A,WCC,HP,N/A,N/A,N/A, 3.73 ,737
THEA 210,The Tragic Spirit,N/A,WCC,HP,N/A,N/A,N/A, 3.67 ,57
THEA 262,Literature of Modern Theatre,ACP,N/A,HP,N/A,N/A,N/A, 3.50 ,286
THEA 263,Intro African American Theat,N/A,US,N/A,N/A,N/A,N/A, 3.19 ,21
THEA 323,The Comic Imagination,ACP,WCC,HP,N/A,N/A,N/A, 3.33 ,47
TRST 201,Intro to Translation Studies,N/A,N/A,HP,N/A,N/A,N/A, 3.37 ,26
TSM 311,Humanity in the Food Web,ACP,N/A,HP,N/A,N/A,N/A, 3.45 ,1324
UKR 113,Ukrainian Culture,N/A,WCC,HP,N/A,N/A,N/A, 3.84 ,271
UP 116,Urban Informatics I,N/A,N/A,N/A,N/A,QR1,N/A, 3.34 ,75
UP 136,Urban Sustainability,N/A,N/A,N/A,N/A,N/A,BS, 3.46 ,60
UP 185,Cities in a Global Perspective,N/A,WCC,N/A,N/A,N/A,BS, 3.24 ,320
UP 205,Ecology & Environmental Sustainability,N/A,N/A,N/A,LS,N/A,N/A, 3.05 ,153
UP 210,Environmental Economics,N/A,N/A,N/A,N/A,N/A,BS, 3.21 ,1561
UP 260,Social Inequality and Planning,N/A,N/A,N/A,N/A,N/A,BS, 3.42 ,474
UP 312,Communication for Planners,ACP,N/A,N/A,N/A,N/A,N/A, 3.27 ,362
UP 316,Urban Informatics II,N/A,N/A,N/A,N/A,QR1,N/A, 3.15 ,140
YDSH 220,Jewish Storytelling,N/A,WCC,HP,N/A,N/A,N/A, 3.50 ,132
YDSH 320,Lit Responses to the Holocaust,N/A,WCC,HP,N/A,N/A,N/A, 3.40 ,165
